Year,Month,Day,Weekday,Hour_0,VehicleType,counts
2023,9,25,Monday,0,5,28
2023,9,25,Monday,0,31,19
2023,9,25,Monday,0,32,5
2023,9,25,Monday,0,42,7
2023,9,25,Monday,1,5,35
2023,9,25,Monday,1,31,10
2023,9,25,Monday,1,32,3
2023,9,25,Monday,1,42,8
2023,9,25,Monday,3,5,74
2023,9,25,Monday,3,31,9
2023,9,25,Monday,3,32,3
2023,9,25,Monday,3,42,3
2023,9,25,Monday,4,5,67
2023,9,25,Monday,4,31,14
2023,9,25,Monday,4,32,6
2023,9,25,Monday,4,42,9
2023,9,25,Monday,5,5,39
2023,9,25,Monday,5,31,33
2023,9,25,Monday,5,32,14
2023,9,25,Monday,5,41,3
2023,9,25,Monday,5,42,11
2023,9,25,Monday,6,5,59
2023,9,25,Monday,6,31,53
2023,9,25,Monday,6,32,24
2023,9,25,Monday,6,41,5
2023,9,25,Monday,6,42,5
2023,9,25,Monday,7,5,38
2023,9,25,Monday,7,31,199
2023,9,25,Monday,7,32,47
2023,9,25,Monday,7,41,5
2023,9,25,Monday,7,42,15
2023,9,25,Monday,8,5,56
2023,9,25,Monday,8,31,159
2023,9,25,Monday,8,32,63
2023,9,25,Monday,8,41,5
2023,9,25,Monday,8,42,24
2023,9,25,Monday,9,5,59
2023,9,25,Monday,9,31,124
2023,9,25,Monday,9,32,50
2023,9,25,Monday,9,42,22
2023,9,25,Monday,10,5,51
2023,9,25,Monday,10,31,154
2023,9,25,Monday,10,32,55
2023,9,25,Monday,10,41,1
2023,9,25,Monday,10,42,26
2023,9,25,Monday,11,5,43
2023,9,25,Monday,11,31,223
2023,9,25,Monday,11,32,59
2023,9,25,Monday,11,41,8
2023,9,25,Monday,11,42,23
2023,9,25,Monday,12,5,34
2023,9,25,Monday,12,31,205
2023,9,25,Monday,12,32,41
2023,9,25,Monday,12,41,4
2023,9,25,Monday,12,42,21
2023,9,25,Monday,13,5,17
2023,9,25,Monday,13,31,212
2023,9,25,Monday,13,32,70
2023,9,25,Monday,13,41,2
2023,9,25,Monday,13,42,16
2023,9,25,Monday,14,5,17
2023,9,25,Monday,14,31,210
2023,9,25,Monday,14,32,65
2023,9,25,Monday,14,41,5
2023,9,25,Monday,14,42,15
2023,9,25,Monday,15,5,17
2023,9,25,Monday,15,31,221
2023,9,25,Monday,15,32,68
2023,9,25,Monday,15,41,5
2023,9,25,Monday,15,42,16
2023,9,25,Monday,16,5,19
2023,9,25,Monday,16,31,135
2023,9,25,Monday,16,32,29
2023,9,25,Monday,16,41,4
2023,9,25,Monday,16,42,11
2023,9,25,Monday,17,5,21
2023,9,25,Monday,17,31,115
2023,9,25,Monday,17,32,16
2023,9,25,Monday,17,41,8
2023,9,25,Monday,17,42,5
2023,9,25,Monday,18,5,43
2023,9,25,Monday,18,31,133
2023,9,25,Monday,18,32,30
2023,9,25,Monday,18,41,4
2023,9,25,Monday,18,42,20
2023,9,25,Monday,19,5,42
2023,9,25,Monday,19,31,142
2023,9,25,Monday,19,32,23
2023,9,25,Monday,19,41,1
2023,9,25,Monday,19,42,10
2023,9,25,Monday,20,5,29
2023,9,25,Monday,20,31,94
2023,9,25,Monday,20,32,18
2023,9,25,Monday,20,41,5
2023,9,25,Monday,20,42,14
2023,9,25,Monday,21,5,31
2023,9,25,Monday,21,31,96
2023,9,25,Monday,21,32,20
2023,9,25,Monday,21,42,12
2023,9,25,Monday,22,5,19
2023,9,25,Monday,22,31,44
2023,9,25,Monday,22,32,15
2023,9,25,Monday,22,42,8
2023,9,25,Monday,23,5,19
2023,9,25,Monday,23,31,30
2023,9,25,Monday,23,32,7
2023,9,25,Monday,23,42,17
2023,9,26,Tuesday,0,5,23
2023,9,26,Tuesday,0,31,14
2023,9,26,Tuesday,0,32,3
2023,9,26,Tuesday,0,42,8
2023,9,26,Tuesday,1,5,46
2023,9,26,Tuesday,1,31,11
2023,9,26,Tuesday,1,32,1
2023,9,26,Tuesday,1,42,11
2023,9,26,Tuesday,2,5,68
2023,9,26,Tuesday,2,31,8
2023,9,26,Tuesday,2,32,2
2023,9,26,Tuesday,2,42,8
2023,9,26,Tuesday,3,5,76
2023,9,26,Tuesday,3,31,4
2023,9,26,Tuesday,3,32,3
2023,9,26,Tuesday,3,42,3
2023,9,26,Tuesday,4,5,68
2023,9,26,Tuesday,4,31,10
2023,9,26,Tuesday,4,32,8
2023,9,26,Tuesday,4,42,12
2023,9,26,Tuesday,5,5,49
2023,9,26,Tuesday,5,31,24
2023,9,26,Tuesday,5,32,19
2023,9,26,Tuesday,5,41,3
2023,9,26,Tuesday,5,42,14
2023,9,26,Tuesday,6,5,50
2023,9,26,Tuesday,6,31,45
2023,9,26,Tuesday,6,32,28
2023,9,26,Tuesday,6,41,6
2023,9,26,Tuesday,6,42,15
2023,9,26,Tuesday,7,5,55
2023,9,26,Tuesday,7,31,257
2023,9,26,Tuesday,7,32,54
2023,9,26,Tuesday,7,41,7
2023,9,26,Tuesday,7,42,13
2023,9,26,Tuesday,8,5,65
2023,9,26,Tuesday,8,31,197
2023,9,26,Tuesday,8,32,63
2023,9,26,Tuesday,8,41,5
2023,9,26,Tuesday,8,42,28
2023,9,26,Tuesday,9,5,64
2023,9,26,Tuesday,9,31,126
2023,9,26,Tuesday,9,32,59
2023,9,26,Tuesday,9,42,35
2023,9,26,Tuesday,10,5,41
2023,9,26,Tuesday,10,31,130
2023,9,26,Tuesday,10,32,50
2023,9,26,Tuesday,10,41,2
2023,9,26,Tuesday,10,42,36
2023,9,26,Tuesday,11,5,32
2023,9,26,Tuesday,11,31,195
2023,9,26,Tuesday,11,32,63
2023,9,26,Tuesday,11,41,1
2023,9,26,Tuesday,11,42,22
2023,9,26,Tuesday,12,5,36
2023,9,26,Tuesday,12,31,174
2023,9,26,Tuesday,12,32,70
2023,9,26,Tuesday,12,41,4
2023,9,26,Tuesday,12,42,22
2023,9,26,Tuesday,13,5,16
2023,9,26,Tuesday,13,31,179
2023,9,26,Tuesday,13,32,49
2023,9,26,Tuesday,13,41,1
2023,9,26,Tuesday,13,42,26
2023,9,26,Tuesday,14,5,24
2023,9,26,Tuesday,14,31,202
2023,9,26,Tuesday,14,32,48
2023,9,26,Tuesday,14,41,2
2023,9,26,Tuesday,14,42,18
2023,9,26,Tuesday,15,5,16
2023,9,26,Tuesday,15,31,193
2023,9,26,Tuesday,15,32,64
2023,9,26,Tuesday,15,41,7
2023,9,26,Tuesday,15,42,20
2023,9,26,Tuesday,16,5,28
2023,9,26,Tuesday,16,31,187
2023,9,26,Tuesday,16,32,51
2023,9,26,Tuesday,16,41,4
2023,9,26,Tuesday,16,42,18
2023,9,26,Tuesday,17,5,20
2023,9,26,Tuesday,17,31,227
2023,9,26,Tuesday,17,32,53
2023,9,26,Tuesday,17,41,4
2023,9,26,Tuesday,17,42,16
2023,9,26,Tuesday,18,5,36
2023,9,26,Tuesday,18,31,174
2023,9,26,Tuesday,18,32,33
2023,9,26,Tuesday,18,41,5
2023,9,26,Tuesday,18,42,8
2023,9,26,Tuesday,19,5,60
2023,9,26,Tuesday,19,31,125
2023,9,26,Tuesday,19,32,29
2023,9,26,Tuesday,19,41,1
2023,9,26,Tuesday,19,42,14
2023,9,26,Tuesday,20,5,42
2023,9,26,Tuesday,20,31,105
2023,9,26,Tuesday,20,32,18
2023,9,26,Tuesday,20,41,6
2023,9,26,Tuesday,20,42,19
2023,9,26,Tuesday,21,5,18
2023,9,26,Tuesday,21,31,88
2023,9,26,Tuesday,21,32,18
2023,9,26,Tuesday,21,42,7
2023,9,26,Tuesday,22,5,19
2023,9,26,Tuesday,22,31,46
2023,9,26,Tuesday,22,32,5
2023,9,26,Tuesday,22,41,1
2023,9,26,Tuesday,22,42,12
2023,9,26,Tuesday,23,5,16
2023,9,26,Tuesday,23,31,39
2023,9,26,Tuesday,23,32,7
2023,9,26,Tuesday,23,42,18
2023,9,27,Wednesday,0,5,27
2023,9,27,Wednesday,0,31,21
2023,9,27,Wednesday,0,32,6
2023,9,27,Wednesday,0,42,11
2023,9,27,Wednesday,1,5,43
2023,9,27,Wednesday,1,31,9
2023,9,27,Wednesday,1,32,1
2023,9,27,Wednesday,1,42,9
2023,9,27,Wednesday,2,5,57
2023,9,27,Wednesday,2,31,8
2023,9,27,Wednesday,2,32,2
2023,9,27,Wednesday,2,42,4
2023,9,27,Wednesday,3,5,73
2023,9,27,Wednesday,3,31,10
2023,9,27,Wednesday,3,32,2
2023,9,27,Wednesday,3,42,16
2023,9,27,Wednesday,4,5,68
2023,9,27,Wednesday,4,31,10
2023,9,27,Wednesday,4,32,7
2023,9,27,Wednesday,4,42,17
2023,9,27,Wednesday,5,5,46
2023,9,27,Wednesday,5,31,22
2023,9,27,Wednesday,5,32,12
2023,9,27,Wednesday,5,41,4
2023,9,27,Wednesday,5,42,6
2023,9,27,Wednesday,6,5,63
2023,9,27,Wednesday,6,31,61
2023,9,27,Wednesday,6,32,33
2023,9,27,Wednesday,6,41,7
2023,9,27,Wednesday,6,42,7
2023,9,27,Wednesday,7,5,65
2023,9,27,Wednesday,7,31,244
2023,9,27,Wednesday,7,32,49
2023,9,27,Wednesday,7,41,5
2023,9,27,Wednesday,7,42,24
2023,9,27,Wednesday,8,5,69
2023,9,27,Wednesday,8,31,151
2023,9,27,Wednesday,8,32,56
2023,9,27,Wednesday,8,42,34
2023,9,27,Wednesday,9,5,66
2023,9,27,Wednesday,9,31,132
2023,9,27,Wednesday,9,32,58
2023,9,27,Wednesday,9,41,1
2023,9,27,Wednesday,9,42,41
2023,9,27,Wednesday,10,5,47
2023,9,27,Wednesday,10,31,123
2023,9,27,Wednesday,10,32,62
2023,9,27,Wednesday,10,42,30
2023,9,27,Wednesday,11,5,44
2023,9,27,Wednesday,11,31,182
2023,9,27,Wednesday,11,32,59
2023,9,27,Wednesday,11,41,2
2023,9,27,Wednesday,11,42,29
2023,9,27,Wednesday,12,5,43
2023,9,27,Wednesday,12,31,196
2023,9,27,Wednesday,12,32,47
2023,9,27,Wednesday,12,41,4
2023,9,27,Wednesday,12,42,19
2023,9,27,Wednesday,13,5,18
2023,9,27,Wednesday,13,31,164
2023,9,27,Wednesday,13,32,70
2023,9,27,Wednesday,13,41,4
2023,9,27,Wednesday,13,42,32
2023,9,27,Wednesday,14,5,16
2023,9,27,Wednesday,14,31,192
2023,9,27,Wednesday,14,32,47
2023,9,27,Wednesday,14,41,2
2023,9,27,Wednesday,14,42,23
2023,9,27,Wednesday,15,5,21
2023,9,27,Wednesday,15,31,208
2023,9,27,Wednesday,15,32,64
2023,9,27,Wednesday,15,41,6
2023,9,27,Wednesday,15,42,22
2023,9,27,Wednesday,16,5,29
2023,9,27,Wednesday,16,31,165
2023,9,27,Wednesday,16,32,48
2023,9,27,Wednesday,16,41,3
2023,9,27,Wednesday,16,42,17
2023,9,27,Wednesday,17,5,25
2023,9,27,Wednesday,17,31,194
2023,9,27,Wednesday,17,32,47
2023,9,27,Wednesday,17,41,4
2023,9,27,Wednesday,17,42,12
2023,9,27,Wednesday,18,5,22
2023,9,27,Wednesday,18,31,156
2023,9,27,Wednesday,18,32,43
2023,9,27,Wednesday,18,41,2
2023,9,27,Wednesday,18,42,14
2023,9,27,Wednesday,19,5,46
2023,9,27,Wednesday,19,31,132
2023,9,27,Wednesday,19,32,31
2023,9,27,Wednesday,19,41,4
2023,9,27,Wednesday,19,42,20
2023,9,27,Wednesday,20,5,30
2023,9,27,Wednesday,20,31,124
2023,9,27,Wednesday,20,32,37
2023,9,27,Wednesday,20,42,15
2023,9,27,Wednesday,21,5,22
2023,9,27,Wednesday,21,31,114
2023,9,27,Wednesday,21,32,28
2023,9,27,Wednesday,21,42,5
2023,9,27,Wednesday,22,5,20
2023,9,27,Wednesday,22,31,72
2023,9,27,Wednesday,22,32,15
2023,9,27,Wednesday,22,42,5
2023,9,27,Wednesday,23,5,22
2023,9,27,Wednesday,23,31,43
2023,9,27,Wednesday,23,32,10
2023,9,27,Wednesday,23,42,15
2023,9,28,Thursday,0,5,33
2023,9,28,Thursday,0,31,21
2023,9,28,Thursday,0,32,5
2023,9,28,Thursday,0,42,11
2023,9,28,Thursday,1,5,58
2023,9,28,Thursday,1,31,10
2023,9,28,Thursday,1,32,3
2023,9,28,Thursday,1,42,10
2023,9,28,Thursday,2,5,52
2023,9,28,Thursday,2,31,13
2023,9,28,Thursday,2,32,7
2023,9,28,Thursday,2,42,4
2023,9,28,Thursday,3,5,87
2023,9,28,Thursday,3,31,7
2023,9,28,Thursday,3,32,3
2023,9,28,Thursday,3,42,6
2023,9,28,Thursday,4,5,63
2023,9,28,Thursday,4,31,10
2023,9,28,Thursday,4,32,8
2023,9,28,Thursday,4,42,11
2023,9,28,Thursday,5,5,44
2023,9,28,Thursday,5,31,21
2023,9,28,Thursday,5,32,10
2023,9,28,Thursday,5,41,4
2023,9,28,Thursday,5,42,7
2023,9,28,Thursday,6,5,62
2023,9,28,Thursday,6,31,53
2023,9,28,Thursday,6,32,25
2023,9,28,Thursday,6,41,8
2023,9,28,Thursday,6,42,7
2023,9,28,Thursday,7,5,46
2023,9,28,Thursday,7,31,246
2023,9,28,Thursday,7,32,56
2023,9,28,Thursday,7,41,4
2023,9,28,Thursday,7,42,16
2023,9,28,Thursday,8,5,68
2023,9,28,Thursday,8,31,149
2023,9,28,Thursday,8,32,38
2023,9,28,Thursday,8,41,1
2023,9,28,Thursday,8,42,36
2023,9,28,Thursday,9,5,37
2023,9,28,Thursday,9,31,116
2023,9,28,Thursday,9,32,67
2023,9,28,Thursday,9,41,3
2023,9,28,Thursday,9,42,36
2023,9,28,Thursday,10,5,48
2023,9,28,Thursday,10,31,149
2023,9,28,Thursday,10,32,72
2023,9,28,Thursday,10,41,1
2023,9,28,Thursday,10,42,28
2023,9,28,Thursday,11,5,49
2023,9,28,Thursday,11,31,164
2023,9,28,Thursday,11,32,55
2023,9,28,Thursday,11,41,2
2023,9,28,Thursday,11,42,35
2023,9,28,Thursday,12,5,27
2023,9,28,Thursday,12,31,155
2023,9,28,Thursday,12,32,64
2023,9,28,Thursday,12,41,4
2023,9,28,Thursday,12,42,18
2023,9,28,Thursday,13,5,16
2023,9,28,Thursday,13,31,183
2023,9,28,Thursday,13,32,52
2023,9,28,Thursday,13,41,2
2023,9,28,Thursday,13,42,14
2023,9,28,Thursday,14,5,16
2023,9,28,Thursday,14,31,175
2023,9,28,Thursday,14,32,71
2023,9,28,Thursday,14,41,3
2023,9,28,Thursday,14,42,24
2023,9,28,Thursday,15,5,12
2023,9,28,Thursday,15,31,193
2023,9,28,Thursday,15,32,58
2023,9,28,Thursday,15,41,2
2023,9,28,Thursday,15,42,27
2023,9,28,Thursday,16,5,23
2023,9,28,Thursday,16,31,187
2023,9,28,Thursday,16,32,41
2023,9,28,Thursday,16,41,5
2023,9,28,Thursday,16,42,18
2023,9,28,Thursday,17,5,20
2023,9,28,Thursday,17,31,199
2023,9,28,Thursday,17,32,36
2023,9,28,Thursday,17,41,1
2023,9,28,Thursday,17,42,12
2023,9,28,Thursday,18,5,37
2023,9,28,Thursday,18,31,178
2023,9,28,Thursday,18,32,38
2023,9,28,Thursday,18,41,1
2023,9,28,Thursday,18,42,13
2023,9,28,Thursday,19,5,27
2023,9,28,Thursday,19,31,113
2023,9,28,Thursday,19,32,28
2023,9,28,Thursday,19,41,2
2023,9,28,Thursday,19,42,9
2023,9,28,Thursday,20,5,14
2023,9,28,Thursday,20,31,125
2023,9,28,Thursday,20,32,25
2023,9,28,Thursday,20,42,11
2023,9,28,Thursday,21,5,6
2023,9,28,Thursday,21,31,98
2023,9,28,Thursday,21,32,28
2023,9,28,Thursday,21,42,10
2023,9,28,Thursday,22,5,14
2023,9,28,Thursday,22,31,77
2023,9,28,Thursday,22,32,20
2023,9,28,Thursday,22,42,7
2023,9,28,Thursday,23,5,2
2023,9,28,Thursday,23,31,53
2023,9,28,Thursday,23,32,11
2023,9,28,Thursday,23,42,6
2023,9,29,Friday,0,0,1
2023,9,29,Friday,0,5,6
2023,9,29,Friday,0,31,32
2023,9,29,Friday,0,32,6
2023,9,29,Friday,0,41,4
2023,9,29,Friday,0,42,9
2023,9,29,Friday,1,5,32
2023,9,29,Friday,1,31,21
2023,9,29,Friday,1,32,1
2023,9,29,Friday,1,41,2
2023,9,29,Friday,1,42,7
2023,9,29,Friday,2,5,22
2023,9,29,Friday,2,31,24
2023,9,29,Friday,2,41,2
2023,9,29,Friday,2,42,3
2023,9,29,Friday,3,5,29
2023,9,29,Friday,3,31,24
2023,9,29,Friday,3,32,2
2023,9,29,Friday,3,41,3
2023,9,29,Friday,3,42,5
2023,9,29,Friday,4,5,40
2023,9,29,Friday,4,31,29
2023,9,29,Friday,4,32,9
2023,9,29,Friday,4,41,2
2023,9,29,Friday,4,42,4
2023,9,29,Friday,5,5,26
2023,9,29,Friday,5,31,39
2023,9,29,Friday,5,32,20
2023,9,29,Friday,5,41,3
2023,9,29,Friday,5,42,4
2023,9,29,Friday,6,5,26
2023,9,29,Friday,6,31,64
2023,9,29,Friday,6,32,27
2023,9,29,Friday,6,41,2
2023,9,29,Friday,6,42,5
2023,9,29,Friday,7,5,24
2023,9,29,Friday,7,31,108
2023,9,29,Friday,7,32,31
2023,9,29,Friday,7,41,5
2023,9,29,Friday,7,42,13
2023,9,29,Friday,8,5,19
2023,9,29,Friday,8,31,102
2023,9,29,Friday,8,32,46
2023,9,29,Friday,8,41,3
2023,9,29,Friday,8,42,5
2023,9,29,Friday,9,5,24
2023,9,29,Friday,9,31,165
2023,9,29,Friday,9,32,47
2023,9,29,Friday,9,41,1
2023,9,29,Friday,9,42,6
2023,9,29,Friday,10,5,15
2023,9,29,Friday,10,31,186
2023,9,29,Friday,10,32,55
2023,9,29,Friday,10,41,1
2023,9,29,Friday,10,42,13
2023,9,29,Friday,11,5,8
2023,9,29,Friday,11,31,256
2023,9,29,Friday,11,32,55
2023,9,29,Friday,11,42,12
2023,9,29,Friday,12,5,6
2023,9,29,Friday,12,31,239
2023,9,29,Friday,12,32,54
2023,9,29,Friday,12,41,1
2023,9,29,Friday,12,42,6
2023,9,29,Friday,13,5,4
2023,9,29,Friday,13,31,251
2023,9,29,Friday,13,32,46
2023,9,29,Friday,13,42,6
2023,9,29,Friday,14,5,2
2023,9,29,Friday,14,31,278
2023,9,29,Friday,14,32,64
2023,9,29,Friday,14,41,2
2023,9,29,Friday,14,42,8
2023,9,29,Friday,15,5,4
2023,9,29,Friday,15,31,276
2023,9,29,Friday,15,32,57
2023,9,29,Friday,15,41,1
2023,9,29,Friday,15,42,3
2023,9,29,Friday,16,5,5
2023,9,29,Friday,16,31,266
2023,9,29,Friday,16,32,53
2023,9,29,Friday,16,41,4
2023,9,29,Friday,16,42,7
2023,9,29,Friday,17,5,3
2023,9,29,Friday,17,31,233
2023,9,29,Friday,17,32,48
2023,9,29,Friday,17,42,6
2023,9,29,Friday,18,5,12
2023,9,29,Friday,18,31,152
2023,9,29,Friday,18,32,40
2023,9,29,Friday,18,41,1
2023,9,29,Friday,18,42,3
2023,9,29,Friday,19,5,6
2023,9,29,Friday,19,31,130
2023,9,29,Friday,19,32,21
2023,9,29,Friday,19,41,1
2023,9,29,Friday,19,42,4
2023,9,29,Friday,20,5,4
2023,9,29,Friday,20,31,151
2023,9,29,Friday,20,32,24
2023,9,29,Friday,20,42,11
2023,9,29,Friday,21,5,1
2023,9,29,Friday,21,31,137
2023,9,29,Friday,21,32,20
2023,9,29,Friday,21,41,1
2023,9,29,Friday,21,42,3
2023,9,29,Friday,22,5,7
2023,9,29,Friday,22,31,107
2023,9,29,Friday,22,32,20
2023,9,29,Friday,22,42,4
2023,9,29,Friday,23,5,6
2023,9,29,Friday,23,31,70
2023,9,29,Friday,23,32,8
2023,9,29,Friday,23,42,5
2023,9,30,Saturday,0,5,9
2023,9,30,Saturday,0,31,48
2023,9,30,Saturday,0,32,5
2023,9,30,Saturday,0,42,5
2023,9,30,Saturday,1,5,8
2023,9,30,Saturday,1,31,34
2023,9,30,Saturday,1,32,4
2023,9,30,Saturday,1,41,1
2023,9,30,Saturday,1,42,4
2023,9,30,Saturday,2,5,16
2023,9,30,Saturday,2,31,7
2023,9,30,Saturday,2,32,3
2023,9,30,Saturday,2,41,1
2023,9,30,Saturday,2,42,3
2023,9,30,Saturday,3,5,22
2023,9,30,Saturday,3,31,14
2023,9,30,Saturday,3,32,1
2023,9,30,Saturday,3,42,4
2023,9,30,Saturday,4,5,19
2023,9,30,Saturday,4,31,27
2023,9,30,Saturday,4,32,11
2023,9,30,Saturday,4,41,4
2023,9,30,Saturday,4,42,5
2023,9,30,Saturday,5,5,20
2023,9,30,Saturday,5,31,33
2023,9,30,Saturday,5,32,10
2023,9,30,Saturday,5,41,4
2023,9,30,Saturday,5,42,2
2023,9,30,Saturday,6,5,23
2023,9,30,Saturday,6,31,56
2023,9,30,Saturday,6,32,32
2023,9,30,Saturday,6,41,4
2023,9,30,Saturday,6,42,5
2023,9,30,Saturday,7,5,32
2023,9,30,Saturday,7,31,90
2023,9,30,Saturday,7,32,29
2023,9,30,Saturday,7,41,2
2023,9,30,Saturday,7,42,6
2023,9,30,Saturday,8,5,32
2023,9,30,Saturday,8,31,143
2023,9,30,Saturday,8,32,37
2023,9,30,Saturday,8,41,3
2023,9,30,Saturday,8,42,4
2023,9,30,Saturday,9,5,24
2023,9,30,Saturday,9,31,166
2023,9,30,Saturday,9,32,38
2023,9,30,Saturday,9,42,8
2023,9,30,Saturday,10,5,19
2023,9,30,Saturday,10,31,222
2023,9,30,Saturday,10,32,56
2023,9,30,Saturday,10,41,4
2023,9,30,Saturday,10,42,7
2023,9,30,Saturday,11,5,7
2023,9,30,Saturday,11,31,356
2023,9,30,Saturday,11,32,85
2023,9,30,Saturday,11,41,1
2023,9,30,Saturday,11,42,10
2023,9,30,Saturday,12,5,6
2023,9,30,Saturday,12,31,270
2023,9,30,Saturday,12,32,68
2023,9,30,Saturday,12,41,3
2023,9,30,Saturday,12,42,3
2023,9,30,Saturday,13,31,233
2023,9,30,Saturday,13,32,49
2023,9,30,Saturday,13,41,5
2023,9,30,Saturday,13,42,4
2023,9,30,Saturday,14,5,9
2023,9,30,Saturday,14,31,166
2023,9,30,Saturday,14,32,45
2023,9,30,Saturday,14,41,6
2023,9,30,Saturday,14,42,5
2023,9,30,Saturday,15,5,4
2023,9,30,Saturday,15,31,167
2023,9,30,Saturday,15,32,36
2023,9,30,Saturday,15,41,3
2023,9,30,Saturday,15,42,1
2023,9,30,Saturday,16,31,127
2023,9,30,Saturday,16,32,25
2023,9,30,Saturday,16,41,2
2023,9,30,Saturday,16,42,5
2023,9,30,Saturday,17,5,1
2023,9,30,Saturday,17,31,105
2023,9,30,Saturday,17,32,19
2023,9,30,Saturday,17,41,4
2023,9,30,Saturday,17,42,2
2023,9,30,Saturday,18,5,2
2023,9,30,Saturday,18,31,88
2023,9,30,Saturday,18,32,24
2023,9,30,Saturday,18,42,3
2023,9,30,Saturday,19,5,3
2023,9,30,Saturday,19,31,66
2023,9,30,Saturday,19,32,16
2023,9,30,Saturday,19,41,1
2023,9,30,Saturday,19,42,2
2023,9,30,Saturday,20,5,2
2023,9,30,Saturday,20,31,37
2023,9,30,Saturday,20,32,13
2023,9,30,Saturday,20,42,2
2023,9,30,Saturday,21,5,1
2023,9,30,Saturday,21,31,38
2023,9,30,Saturday,21,32,11
2023,9,30,Saturday,22,31,53
2023,9,30,Saturday,22,32,12
2023,9,30,Saturday,23,5,1
2023,9,30,Saturday,23,31,81
2023,9,30,Saturday,23,32,23
2023,9,30,Saturday,23,42,5
2023,10,1,Sunday,0,31,108
2023,10,1,Sunday,0,32,7
2023,10,1,Sunday,0,42,2
2023,10,1,Sunday,1,5,1
2023,10,1,Sunday,1,31,31
2023,10,1,Sunday,1,32,2
2023,10,1,Sunday,1,42,4
2023,10,1,Sunday,2,5,9
2023,10,1,Sunday,2,31,22
2023,10,1,Sunday,2,32,2
2023,10,1,Sunday,2,41,1
2023,10,1,Sunday,2,42,3
2023,10,1,Sunday,3,5,5
2023,10,1,Sunday,3,31,22
2023,10,1,Sunday,3,32,4
2023,10,1,Sunday,3,41,1
2023,10,1,Sunday,4,5,9
2023,10,1,Sunday,4,31,20
2023,10,1,Sunday,4,32,4
2023,10,1,Sunday,4,41,1
2023,10,1,Sunday,4,42,2
2023,10,1,Sunday,5,5,9
2023,10,1,Sunday,5,31,38
2023,10,1,Sunday,5,32,7
2023,10,1,Sunday,5,41,3
2023,10,1,Sunday,5,42,2
2023,10,1,Sunday,6,5,13
2023,10,1,Sunday,6,31,47
2023,10,1,Sunday,6,32,14
2023,10,1,Sunday,6,41,6
2023,10,1,Sunday,6,42,4
2023,10,1,Sunday,7,5,7
2023,10,1,Sunday,7,31,74
2023,10,1,Sunday,7,32,17
2023,10,1,Sunday,7,41,5
2023,10,1,Sunday,7,42,7
2023,10,1,Sunday,8,5,10
2023,10,1,Sunday,8,31,63
2023,10,1,Sunday,8,32,15
2023,10,1,Sunday,8,41,4
2023,10,1,Sunday,8,42,5
2023,10,1,Sunday,9,5,1
2023,10,1,Sunday,9,31,29
2023,10,1,Sunday,9,32,10
2023,10,1,Sunday,9,41,2
2023,10,1,Sunday,10,5,1
2023,10,1,Sunday,10,31,24
2023,10,1,Sunday,10,32,7
2023,10,1,Sunday,10,41,5
2023,10,1,Sunday,10,42,1
2023,10,1,Sunday,11,5,2
2023,10,1,Sunday,11,31,29
2023,10,1,Sunday,11,32,9
2023,10,1,Sunday,11,41,6
2023,10,1,Sunday,11,42,2
2023,10,1,Sunday,12,5,2
2023,10,1,Sunday,12,31,40
2023,10,1,Sunday,12,32,10
2023,10,1,Sunday,12,41,5
2023,10,1,Sunday,12,42,1
2023,10,1,Sunday,13,31,28
2023,10,1,Sunday,13,32,10
2023,10,1,Sunday,13,41,5
2023,10,1,Sunday,13,42,1
2023,10,1,Sunday,14,31,36
2023,10,1,Sunday,14,32,7
2023,10,1,Sunday,14,41,2
2023,10,1,Sunday,14,42,2
2023,10,1,Sunday,15,31,45
2023,10,1,Sunday,15,32,8
2023,10,1,Sunday,15,41,3
2023,10,1,Sunday,16,31,30
2023,10,1,Sunday,16,32,11
2023,10,1,Sunday,16,41,10
2023,10,1,Sunday,16,42,1
2023,10,1,Sunday,17,31,30
2023,10,1,Sunday,17,32,15
2023,10,1,Sunday,17,41,6
2023,10,1,Sunday,17,42,1
2023,10,1,Sunday,18,5,3
2023,10,1,Sunday,18,31,60
2023,10,1,Sunday,18,32,11
2023,10,1,Sunday,18,41,3
2023,10,1,Sunday,18,42,1
2023,10,1,Sunday,19,5,4
2023,10,1,Sunday,19,31,44
2023,10,1,Sunday,19,32,9
2023,10,1,Sunday,19,41,2
2023,10,1,Sunday,19,42,1
2023,10,1,Sunday,20,5,3
2023,10,1,Sunday,20,31,48
2023,10,1,Sunday,20,32,13
2023,10,1,Sunday,20,42,1
2023,10,1,Sunday,21,5,1
2023,10,1,Sunday,21,31,36
2023,10,1,Sunday,21,32,9
2023,10,1,Sunday,21,42,2
2023,10,1,Sunday,22,5,18
2023,10,1,Sunday,22,31,30
2023,10,1,Sunday,22,32,13
2023,10,1,Sunday,22,42,4
2023,10,1,Sunday,23,5,15
2023,10,1,Sunday,23,31,40
2023,10,1,Sunday,23,32,9
2023,10,1,Sunday,23,42,10
2023,10,2,Monday,0,5,36
2023,10,2,Monday,0,31,17
2023,10,2,Monday,0,32,5
2023,10,2,Monday,0,42,8
2023,10,2,Monday,1,5,37
2023,10,2,Monday,1,31,14
2023,10,2,Monday,1,32,5
2023,10,2,Monday,1,42,6
2023,10,2,Monday,2,5,63
2023,10,2,Monday,2,31,1
2023,10,2,Monday,2,32,1
2023,10,2,Monday,2,42,6
2023,10,2,Monday,3,5,62
2023,10,2,Monday,3,31,7
2023,10,2,Monday,3,42,7
2023,10,2,Monday,4,5,72
2023,10,2,Monday,4,31,12
2023,10,2,Monday,4,32,3
2023,10,2,Monday,4,42,10
2023,10,2,Monday,5,5,37
2023,10,2,Monday,5,31,23
2023,10,2,Monday,5,32,12
2023,10,2,Monday,5,41,2
2023,10,2,Monday,5,42,5
2023,10,2,Monday,6,5,43
2023,10,2,Monday,6,31,42
2023,10,2,Monday,6,32,24
2023,10,2,Monday,6,41,8
2023,10,2,Monday,6,42,9
2023,10,2,Monday,7,5,50
2023,10,2,Monday,7,31,227
2023,10,2,Monday,7,32,52
2023,10,2,Monday,7,41,6
2023,10,2,Monday,7,42,17
2023,10,2,Monday,8,5,60
2023,10,2,Monday,8,31,172
2023,10,2,Monday,8,32,56
2023,10,2,Monday,8,41,3
2023,10,2,Monday,8,42,20
2023,10,2,Monday,9,5,67
2023,10,2,Monday,9,31,139
2023,10,2,Monday,9,32,58
2023,10,2,Monday,9,41,3
2023,10,2,Monday,9,42,21
2023,10,2,Monday,10,5,46
2023,10,2,Monday,10,31,137
2023,10,2,Monday,10,32,55
2023,10,2,Monday,10,41,1
2023,10,2,Monday,10,42,21
2023,10,2,Monday,11,5,43
2023,10,2,Monday,11,31,202
2023,10,2,Monday,11,32,61
2023,10,2,Monday,11,41,4
2023,10,2,Monday,11,42,18
2023,10,2,Monday,12,5,26
2023,10,2,Monday,12,31,193
2023,10,2,Monday,12,32,52
2023,10,2,Monday,12,41,6
2023,10,2,Monday,12,42,18
2023,10,2,Monday,13,5,20
2023,10,2,Monday,13,31,199
2023,10,2,Monday,13,32,65
2023,10,2,Monday,13,41,1
2023,10,2,Monday,13,42,20
2023,10,2,Monday,14,5,14
2023,10,2,Monday,14,31,201
2023,10,2,Monday,14,32,53
2023,10,2,Monday,14,41,3
2023,10,2,Monday,14,42,18
2023,10,2,Monday,15,5,15
2023,10,2,Monday,15,31,189
2023,10,2,Monday,15,32,58
2023,10,2,Monday,15,41,3
2023,10,2,Monday,15,42,17
2023,10,2,Monday,16,5,17
2023,10,2,Monday,16,31,205
2023,10,2,Monday,16,32,49
2023,10,2,Monday,16,41,7
2023,10,2,Monday,16,42,7
2023,10,2,Monday,17,5,33
2023,10,2,Monday,17,31,236
2023,10,2,Monday,17,32,44
2023,10,2,Monday,17,41,7
2023,10,2,Monday,17,42,14
2023,10,2,Monday,18,5,36
2023,10,2,Monday,18,31,163
2023,10,2,Monday,18,32,33
2023,10,2,Monday,18,41,2
2023,10,2,Monday,18,42,18
2023,10,2,Monday,19,5,45
2023,10,2,Monday,19,31,110
2023,10,2,Monday,19,32,25
2023,10,2,Monday,19,41,2
2023,10,2,Monday,19,42,13
2023,10,2,Monday,20,5,29
2023,10,2,Monday,20,31,132
2023,10,2,Monday,20,32,25
2023,10,2,Monday,20,41,1
2023,10,2,Monday,20,42,16
2023,10,2,Monday,21,5,25
2023,10,2,Monday,21,31,91
2023,10,2,Monday,21,32,17
2023,10,2,Monday,21,42,12
2023,10,2,Monday,22,5,21
2023,10,2,Monday,22,31,43
2023,10,2,Monday,22,32,11
2023,10,2,Monday,22,42,8
2023,10,2,Monday,23,5,26
2023,10,2,Monday,23,31,25
2023,10,2,Monday,23,32,7
2023,10,2,Monday,23,42,10
2023,10,3,Tuesday,0,5,27
2023,10,3,Tuesday,0,31,20
2023,10,3,Tuesday,0,32,2
2023,10,3,Tuesday,0,42,10
2023,10,3,Tuesday,1,5,39
2023,10,3,Tuesday,1,31,3
2023,10,3,Tuesday,1,32,1
2023,10,3,Tuesday,1,42,9
2023,10,3,Tuesday,2,5,72
2023,10,3,Tuesday,2,31,6
2023,10,3,Tuesday,2,32,7
2023,10,3,Tuesday,2,42,9
2023,10,3,Tuesday,3,5,81
2023,10,3,Tuesday,3,31,4
2023,10,3,Tuesday,3,32,4
2023,10,3,Tuesday,3,42,12
2023,10,3,Tuesday,4,5,70
2023,10,3,Tuesday,4,31,8
2023,10,3,Tuesday,4,32,5
2023,10,3,Tuesday,4,42,11
2023,10,3,Tuesday,5,5,39
2023,10,3,Tuesday,5,31,22
2023,10,3,Tuesday,5,32,8
2023,10,3,Tuesday,5,41,2
2023,10,3,Tuesday,5,42,16
2023,10,3,Tuesday,6,5,60
2023,10,3,Tuesday,6,31,53
2023,10,3,Tuesday,6,32,23
2023,10,3,Tuesday,6,41,10
2023,10,3,Tuesday,6,42,6
2023,10,3,Tuesday,7,5,47
2023,10,3,Tuesday,7,31,240
2023,10,3,Tuesday,7,32,51
2023,10,3,Tuesday,7,41,3
2023,10,3,Tuesday,7,42,24
2023,10,3,Tuesday,8,5,60
2023,10,3,Tuesday,8,31,159
2023,10,3,Tuesday,8,32,51
2023,10,3,Tuesday,8,41,3
2023,10,3,Tuesday,8,42,21
2023,10,3,Tuesday,9,5,75
2023,10,3,Tuesday,9,31,121
2023,10,3,Tuesday,9,32,49
2023,10,3,Tuesday,9,41,2
2023,10,3,Tuesday,9,42,33
2023,10,3,Tuesday,10,5,48
2023,10,3,Tuesday,10,31,106
2023,10,3,Tuesday,10,32,49
2023,10,3,Tuesday,10,42,32
2023,10,3,Tuesday,11,5,50
2023,10,3,Tuesday,11,31,153
2023,10,3,Tuesday,11,32,60
2023,10,3,Tuesday,11,41,6
2023,10,3,Tuesday,11,42,34
2023,10,3,Tuesday,12,5,41
2023,10,3,Tuesday,12,31,173
2023,10,3,Tuesday,12,32,47
2023,10,3,Tuesday,12,41,2
2023,10,3,Tuesday,12,42,18
2023,10,3,Tuesday,13,5,27
2023,10,3,Tuesday,13,31,170
2023,10,3,Tuesday,13,32,62
2023,10,3,Tuesday,13,42,19
2023,10,3,Tuesday,14,5,20
2023,10,3,Tuesday,14,31,184
2023,10,3,Tuesday,14,32,71
2023,10,3,Tuesday,14,41,3
2023,10,3,Tuesday,14,42,23
2023,10,3,Tuesday,15,5,18
2023,10,3,Tuesday,15,31,170
2023,10,3,Tuesday,15,32,52
2023,10,3,Tuesday,15,41,4
2023,10,3,Tuesday,15,42,17
2023,10,3,Tuesday,16,5,26
2023,10,3,Tuesday,16,31,171
2023,10,3,Tuesday,16,32,46
2023,10,3,Tuesday,16,41,5
2023,10,3,Tuesday,16,42,11
2023,10,3,Tuesday,17,5,25
2023,10,3,Tuesday,17,31,193
2023,10,3,Tuesday,17,32,53
2023,10,3,Tuesday,17,41,3
2023,10,3,Tuesday,17,42,6
2023,10,3,Tuesday,18,5,35
2023,10,3,Tuesday,18,31,156
2023,10,3,Tuesday,18,32,30
2023,10,3,Tuesday,18,41,1
2023,10,3,Tuesday,18,42,12
2023,10,3,Tuesday,19,5,33
2023,10,3,Tuesday,19,31,105
2023,10,3,Tuesday,19,32,22
2023,10,3,Tuesday,19,41,1
2023,10,3,Tuesday,19,42,16
2023,10,3,Tuesday,20,5,23
2023,10,3,Tuesday,20,31,95
2023,10,3,Tuesday,20,32,21
2023,10,3,Tuesday,20,41,1
2023,10,3,Tuesday,20,42,14
2023,10,3,Tuesday,21,5,16
2023,10,3,Tuesday,21,31,62
2023,10,3,Tuesday,21,32,15
2023,10,3,Tuesday,21,42,11
2023,10,3,Tuesday,22,5,22
2023,10,3,Tuesday,22,31,40
2023,10,3,Tuesday,22,32,7
2023,10,3,Tuesday,22,42,11
2023,10,3,Tuesday,23,5,20
2023,10,3,Tuesday,23,31,26
2023,10,3,Tuesday,23,32,4
2023,10,3,Tuesday,23,42,14
2023,10,4,Wednesday,0,5,44
2023,10,4,Wednesday,0,31,25
2023,10,4,Wednesday,0,32,1
2023,10,4,Wednesday,0,42,10
2023,10,4,Wednesday,1,5,34
2023,10,4,Wednesday,1,31,9
2023,10,4,Wednesday,1,42,8
2023,10,4,Wednesday,2,5,53
2023,10,4,Wednesday,2,31,14
2023,10,4,Wednesday,2,32,4
2023,10,4,Wednesday,2,42,8
2023,10,4,Wednesday,3,5,96
2023,10,4,Wednesday,3,31,4
2023,10,4,Wednesday,3,42,12
2023,10,4,Wednesday,4,5,64
2023,10,4,Wednesday,4,31,6
2023,10,4,Wednesday,4,32,6
2023,10,4,Wednesday,4,42,13
2023,10,4,Wednesday,5,5,40
2023,10,4,Wednesday,5,31,17
2023,10,4,Wednesday,5,32,5
2023,10,4,Wednesday,5,41,2
2023,10,4,Wednesday,5,42,8
2023,10,4,Wednesday,6,5,67
2023,10,4,Wednesday,6,31,54
2023,10,4,Wednesday,6,32,25
2023,10,4,Wednesday,6,41,7
2023,10,4,Wednesday,6,42,10
2023,10,4,Wednesday,7,5,58
2023,10,4,Wednesday,7,31,255
2023,10,4,Wednesday,7,32,56
2023,10,4,Wednesday,7,41,4
2023,10,4,Wednesday,7,42,14
2023,10,4,Wednesday,8,5,73
2023,10,4,Wednesday,8,31,155
2023,10,4,Wednesday,8,32,75
2023,10,4,Wednesday,8,41,2
2023,10,4,Wednesday,8,42,26
2023,10,4,Wednesday,9,5,78
2023,10,4,Wednesday,9,31,122
2023,10,4,Wednesday,9,32,46
2023,10,4,Wednesday,9,41,5
2023,10,4,Wednesday,9,42,27
2023,10,4,Wednesday,10,5,62
2023,10,4,Wednesday,10,31,111
2023,10,4,Wednesday,10,32,47
2023,10,4,Wednesday,10,42,26
2023,10,4,Wednesday,11,5,54
2023,10,4,Wednesday,11,31,156
2023,10,4,Wednesday,11,32,54
2023,10,4,Wednesday,11,41,1
2023,10,4,Wednesday,11,42,24
2023,10,4,Wednesday,12,5,36
2023,10,4,Wednesday,12,31,148
2023,10,4,Wednesday,12,32,46
2023,10,4,Wednesday,12,41,5
2023,10,4,Wednesday,12,42,16
2023,10,4,Wednesday,13,5,27
2023,10,4,Wednesday,13,31,168
2023,10,4,Wednesday,13,32,49
2023,10,4,Wednesday,13,41,2
2023,10,4,Wednesday,13,42,20
2023,10,4,Wednesday,14,5,18
2023,10,4,Wednesday,14,31,159
2023,10,4,Wednesday,14,32,49
2023,10,4,Wednesday,14,41,2
2023,10,4,Wednesday,14,42,23
2023,10,4,Wednesday,15,5,26
2023,10,4,Wednesday,15,31,132
2023,10,4,Wednesday,15,32,51
2023,10,4,Wednesday,15,41,5
2023,10,4,Wednesday,15,42,17
2023,10,4,Wednesday,16,5,22
2023,10,4,Wednesday,16,31,142
2023,10,4,Wednesday,16,32,45
2023,10,4,Wednesday,16,41,4
2023,10,4,Wednesday,16,42,16
2023,10,4,Wednesday,17,5,31
2023,10,4,Wednesday,17,31,196
2023,10,4,Wednesday,17,32,57
2023,10,4,Wednesday,17,41,2
2023,10,4,Wednesday,17,42,5
2023,10,4,Wednesday,18,5,32
2023,10,4,Wednesday,18,31,141
2023,10,4,Wednesday,18,32,28
2023,10,4,Wednesday,18,41,1
2023,10,4,Wednesday,18,42,18
2023,10,4,Wednesday,19,5,40
2023,10,4,Wednesday,19,31,89
2023,10,4,Wednesday,19,32,14
2023,10,4,Wednesday,19,41,2
2023,10,4,Wednesday,19,42,15
2023,10,4,Wednesday,20,5,27
2023,10,4,Wednesday,20,31,101
2023,10,4,Wednesday,20,32,22
2023,10,4,Wednesday,20,42,18
2023,10,4,Wednesday,21,5,23
2023,10,4,Wednesday,21,31,90
2023,10,4,Wednesday,21,32,18
2023,10,4,Wednesday,21,42,3
2023,10,4,Wednesday,22,5,13
2023,10,4,Wednesday,22,31,45
2023,10,4,Wednesday,22,32,12
2023,10,4,Wednesday,22,42,10
2023,10,4,Wednesday,23,5,14
2023,10,4,Wednesday,23,31,38
2023,10,4,Wednesday,23,32,8
2023,10,4,Wednesday,23,42,8
2023,10,5,Thursday,0,5,16
2023,10,5,Thursday,0,31,20
2023,10,5,Thursday,0,32,1
2023,10,5,Thursday,0,42,7
2023,10,5,Thursday,1,5,15
2023,10,5,Thursday,1,31,8
2023,10,5,Thursday,1,32,2
2023,10,5,Thursday,1,42,8
2023,10,5,Thursday,2,5,35
2023,10,5,Thursday,2,31,9
2023,10,5,Thursday,2,42,13
2023,10,5,Thursday,3,5,49
2023,10,5,Thursday,3,31,6
2023,10,5,Thursday,3,32,1
2023,10,5,Thursday,3,42,3
2023,10,5,Thursday,4,5,36
2023,10,5,Thursday,4,31,7
2023,10,5,Thursday,4,32,6
2023,10,5,Thursday,4,42,9
2023,10,5,Thursday,5,5,22
2023,10,5,Thursday,5,31,15
2023,10,5,Thursday,5,32,5
2023,10,5,Thursday,5,42,8
2023,10,5,Thursday,6,5,34
2023,10,5,Thursday,6,31,31
2023,10,5,Thursday,6,32,15
2023,10,5,Thursday,6,41,2
2023,10,5,Thursday,6,42,2
2023,10,5,Thursday,7,5,32
2023,10,5,Thursday,7,31,68
2023,10,5,Thursday,7,32,30
2023,10,5,Thursday,7,41,1
2023,10,5,Thursday,7,42,10
2023,10,5,Thursday,8,5,42
2023,10,5,Thursday,8,31,69
2023,10,5,Thursday,8,32,30
2023,10,5,Thursday,8,41,1
2023,10,5,Thursday,8,42,13
2023,10,5,Thursday,9,5,33
2023,10,5,Thursday,9,31,59
2023,10,5,Thursday,9,32,24
2023,10,5,Thursday,9,41,1
2023,10,5,Thursday,9,42,18
2023,10,5,Thursday,10,5,33
2023,10,5,Thursday,10,31,95
2023,10,5,Thursday,10,32,42
2023,10,5,Thursday,10,41,2
2023,10,5,Thursday,10,42,18
2023,10,5,Thursday,11,5,37
2023,10,5,Thursday,11,31,156
2023,10,5,Thursday,11,32,32
2023,10,5,Thursday,11,41,4
2023,10,5,Thursday,11,42,13
2023,10,5,Thursday,12,5,17
2023,10,5,Thursday,12,31,135
2023,10,5,Thursday,12,32,30
2023,10,5,Thursday,12,41,3
2023,10,5,Thursday,12,42,5
2023,10,5,Thursday,13,5,17
2023,10,5,Thursday,13,31,140
2023,10,5,Thursday,13,32,37
2023,10,5,Thursday,13,41,2
2023,10,5,Thursday,13,42,18
2023,10,5,Thursday,14,5,17
2023,10,5,Thursday,14,31,146
2023,10,5,Thursday,14,32,40
2023,10,5,Thursday,14,41,1
2023,10,5,Thursday,14,42,18
2023,10,5,Thursday,15,5,18
2023,10,5,Thursday,15,31,112
2023,10,5,Thursday,15,32,28
2023,10,5,Thursday,15,41,4
2023,10,5,Thursday,15,42,12
2023,10,5,Thursday,16,5,19
2023,10,5,Thursday,16,31,116
2023,10,5,Thursday,16,32,31
2023,10,5,Thursday,16,41,3
2023,10,5,Thursday,16,42,2
2023,10,5,Thursday,17,5,20
2023,10,5,Thursday,17,31,129
2023,10,5,Thursday,17,32,28
2023,10,5,Thursday,17,41,2
2023,10,5,Thursday,17,42,6
2023,10,5,Thursday,18,5,27
2023,10,5,Thursday,18,31,76
2023,10,5,Thursday,18,32,24
2023,10,5,Thursday,18,42,10
2023,10,5,Thursday,19,5,19
2023,10,5,Thursday,19,31,71
2023,10,5,Thursday,19,32,15
2023,10,5,Thursday,19,42,7
2023,10,5,Thursday,20,5,13
2023,10,5,Thursday,20,31,63
2023,10,5,Thursday,20,32,10
2023,10,5,Thursday,20,42,5
2023,10,5,Thursday,21,5,13
2023,10,5,Thursday,21,31,50
2023,10,5,Thursday,21,32,15
2023,10,5,Thursday,21,41,1
2023,10,5,Thursday,21,42,10
2023,10,5,Thursday,22,5,16
2023,10,5,Thursday,22,31,42
2023,10,5,Thursday,22,32,5
2023,10,5,Thursday,22,42,1
2023,10,5,Thursday,23,5,20
2023,10,5,Thursday,23,31,35
2023,10,5,Thursday,23,32,8
2023,10,5,Thursday,23,42,8
2023,10,6,Friday,0,5,28
2023,10,6,Friday,0,31,19
2023,10,6,Friday,0,32,3
2023,10,6,Friday,0,42,3
2023,10,6,Friday,1,5,40
2023,10,6,Friday,1,31,12
2023,10,6,Friday,1,32,1
2023,10,6,Friday,1,42,4
2023,10,6,Friday,2,5,55
2023,10,6,Friday,2,31,6
2023,10,6,Friday,2,32,2
2023,10,6,Friday,2,42,7
2023,10,6,Friday,3,5,65
2023,10,6,Friday,3,31,5
2023,10,6,Friday,3,32,2
2023,10,6,Friday,3,42,5
2023,10,6,Friday,4,5,67
2023,10,6,Friday,4,31,7
2023,10,6,Friday,4,32,4
2023,10,6,Friday,4,42,14
2023,10,6,Friday,5,5,38
2023,10,6,Friday,5,31,16
2023,10,6,Friday,5,32,8
2023,10,6,Friday,5,41,2
2023,10,6,Friday,5,42,7
2023,10,6,Friday,6,5,66
2023,10,6,Friday,6,31,60
2023,10,6,Friday,6,32,21
2023,10,6,Friday,6,41,11
2023,10,6,Friday,6,42,12
2023,10,6,Friday,7,5,82
2023,10,6,Friday,7,31,239
2023,10,6,Friday,7,32,59
2023,10,6,Friday,7,41,9
2023,10,6,Friday,7,42,12
2023,10,6,Friday,8,5,88
2023,10,6,Friday,8,31,148
2023,10,6,Friday,8,32,56
2023,10,6,Friday,8,42,30
2023,10,6,Friday,9,5,79
2023,10,6,Friday,9,31,118
2023,10,6,Friday,9,32,74
2023,10,6,Friday,9,41,2
2023,10,6,Friday,9,42,41
2023,10,6,Friday,10,5,68
2023,10,6,Friday,10,31,143
2023,10,6,Friday,10,32,52
2023,10,6,Friday,10,41,2
2023,10,6,Friday,10,42,33
2023,10,6,Friday,11,5,56
2023,10,6,Friday,11,31,175
2023,10,6,Friday,11,32,45
2023,10,6,Friday,11,41,4
2023,10,6,Friday,11,42,27
2023,10,6,Friday,12,5,31
2023,10,6,Friday,12,31,149
2023,10,6,Friday,12,32,48
2023,10,6,Friday,12,41,1
2023,10,6,Friday,12,42,24
2023,10,6,Friday,13,5,24
2023,10,6,Friday,13,31,162
2023,10,6,Friday,13,32,63
2023,10,6,Friday,13,41,3
2023,10,6,Friday,13,42,17
2023,10,6,Friday,14,5,29
2023,10,6,Friday,14,31,189
2023,10,6,Friday,14,32,61
2023,10,6,Friday,14,41,1
2023,10,6,Friday,14,42,23
2023,10,6,Friday,15,5,23
2023,10,6,Friday,15,31,157
2023,10,6,Friday,15,32,49
2023,10,6,Friday,15,41,3
2023,10,6,Friday,15,42,15
2023,10,6,Friday,16,5,21
2023,10,6,Friday,16,31,157
2023,10,6,Friday,16,32,57
2023,10,6,Friday,16,41,2
2023,10,6,Friday,16,42,10
2023,10,6,Friday,17,5,23
2023,10,6,Friday,17,31,186
2023,10,6,Friday,17,32,51
2023,10,6,Friday,17,41,4
2023,10,6,Friday,17,42,10
2023,10,6,Friday,18,5,39
2023,10,6,Friday,18,31,152
2023,10,6,Friday,18,32,37
2023,10,6,Friday,18,41,1
2023,10,6,Friday,18,42,5
2023,10,6,Friday,19,5,30
2023,10,6,Friday,19,31,127
2023,10,6,Friday,19,32,18
2023,10,6,Friday,19,41,2
2023,10,6,Friday,19,42,10
2023,10,6,Friday,20,5,23
2023,10,6,Friday,20,31,115
2023,10,6,Friday,20,32,18
2023,10,6,Friday,20,41,1
2023,10,6,Friday,20,42,21
2023,10,6,Friday,21,5,14
2023,10,6,Friday,21,31,97
2023,10,6,Friday,21,32,17
2023,10,6,Friday,21,41,1
2023,10,6,Friday,21,42,8
2023,10,6,Friday,22,5,18
2023,10,6,Friday,22,31,68
2023,10,6,Friday,22,32,16
2023,10,6,Friday,22,42,7
2023,10,6,Friday,23,5,6
2023,10,6,Friday,23,31,59
2023,10,6,Friday,23,32,8
2023,10,6,Friday,23,42,8
2023,10,7,Saturday,0,5,9
2023,10,7,Saturday,0,31,35
2023,10,7,Saturday,0,32,8
2023,10,7,Saturday,0,41,5
2023,10,7,Saturday,0,42,6
2023,10,7,Saturday,1,5,28
2023,10,7,Saturday,1,31,21
2023,10,7,Saturday,1,32,2
2023,10,7,Saturday,1,42,6
2023,10,7,Saturday,2,5,47
2023,10,7,Saturday,2,31,8
2023,10,7,Saturday,2,32,3
2023,10,7,Saturday,2,41,1
2023,10,7,Saturday,2,42,4
2023,10,7,Saturday,3,5,59
2023,10,7,Saturday,3,31,13
2023,10,7,Saturday,3,41,8
2023,10,7,Saturday,3,42,6
2023,10,7,Saturday,4,5,55
2023,10,7,Saturday,4,31,20
2023,10,7,Saturday,4,32,9
2023,10,7,Saturday,4,41,3
2023,10,7,Saturday,4,42,6
2023,10,7,Saturday,5,5,50
2023,10,7,Saturday,5,31,33
2023,10,7,Saturday,5,32,13
2023,10,7,Saturday,5,41,1
2023,10,7,Saturday,5,42,4
2023,10,7,Saturday,6,5,46
2023,10,7,Saturday,6,31,60
2023,10,7,Saturday,6,32,19
2023,10,7,Saturday,6,41,7
2023,10,7,Saturday,6,42,5
2023,10,7,Saturday,7,5,33
2023,10,7,Saturday,7,31,111
2023,10,7,Saturday,7,32,44
2023,10,7,Saturday,7,41,3
2023,10,7,Saturday,7,42,7
2023,10,7,Saturday,8,5,50
2023,10,7,Saturday,8,31,142
2023,10,7,Saturday,8,32,40
2023,10,7,Saturday,8,41,7
2023,10,7,Saturday,8,42,10
2023,10,7,Saturday,9,5,28
2023,10,7,Saturday,9,31,127
2023,10,7,Saturday,9,32,37
2023,10,7,Saturday,9,42,13
2023,10,7,Saturday,10,5,29
2023,10,7,Saturday,10,31,171
2023,10,7,Saturday,10,32,44
2023,10,7,Saturday,10,41,3
2023,10,7,Saturday,10,42,10
2023,10,7,Saturday,11,5,19
2023,10,7,Saturday,11,31,257
2023,10,7,Saturday,11,32,62
2023,10,7,Saturday,11,41,3
2023,10,7,Saturday,11,42,22
2023,10,7,Saturday,12,5,11
2023,10,7,Saturday,12,31,199
2023,10,7,Saturday,12,32,59
2023,10,7,Saturday,12,41,3
2023,10,7,Saturday,12,42,10
2023,10,7,Saturday,13,5,6
2023,10,7,Saturday,13,31,233
2023,10,7,Saturday,13,32,55
2023,10,7,Saturday,13,41,1
2023,10,7,Saturday,13,42,11
2023,10,7,Saturday,14,5,8
2023,10,7,Saturday,14,31,298
2023,10,7,Saturday,14,32,67
2023,10,7,Saturday,14,41,7
2023,10,7,Saturday,14,42,7
2023,10,7,Saturday,15,5,6
2023,10,7,Saturday,15,31,265
2023,10,7,Saturday,15,32,67
2023,10,7,Saturday,15,41,4
2023,10,7,Saturday,15,42,11
2023,10,7,Saturday,16,5,4
2023,10,7,Saturday,16,31,286
2023,10,7,Saturday,16,32,65
2023,10,7,Saturday,16,41,9
2023,10,7,Saturday,16,42,5
2023,10,7,Saturday,17,5,5
2023,10,7,Saturday,17,31,267
2023,10,7,Saturday,17,32,77
2023,10,7,Saturday,17,41,3
2023,10,7,Saturday,17,42,10
2023,10,7,Saturday,18,5,17
2023,10,7,Saturday,18,31,178
2023,10,7,Saturday,18,32,49
2023,10,7,Saturday,18,41,6
2023,10,7,Saturday,18,42,7
2023,10,7,Saturday,19,5,11
2023,10,7,Saturday,19,31,190
2023,10,7,Saturday,19,32,37
2023,10,7,Saturday,19,41,6
2023,10,7,Saturday,20,5,8
2023,10,7,Saturday,20,31,181
2023,10,7,Saturday,20,32,33
2023,10,7,Saturday,20,41,3
2023,10,7,Saturday,20,42,5
2023,10,7,Saturday,21,5,7
2023,10,7,Saturday,21,31,140
2023,10,7,Saturday,21,32,37
2023,10,7,Saturday,21,42,5
2023,10,7,Saturday,22,5,6
2023,10,7,Saturday,22,31,120
2023,10,7,Saturday,22,32,30
2023,10,7,Saturday,22,41,1
2023,10,7,Saturday,22,42,8
2023,10,7,Saturday,23,5,4
2023,10,7,Saturday,23,31,52
2023,10,7,Saturday,23,32,11
2023,10,7,Saturday,23,42,5
2023,10,8,Sunday,0,5,9
2023,10,8,Sunday,0,31,34
2023,10,8,Sunday,0,32,6
2023,10,8,Sunday,0,41,1
2023,10,8,Sunday,0,42,1
2023,10,8,Sunday,1,5,11
2023,10,8,Sunday,1,31,22
2023,10,8,Sunday,1,32,5
2023,10,8,Sunday,1,42,5
2023,10,8,Sunday,2,5,13
2023,10,8,Sunday,2,31,15
2023,10,8,Sunday,2,32,2
2023,10,8,Sunday,2,41,2
2023,10,8,Sunday,2,42,3
2023,10,8,Sunday,3,5,9
2023,10,8,Sunday,3,31,31
2023,10,8,Sunday,3,32,3
2023,10,8,Sunday,3,41,1
2023,10,8,Sunday,3,42,3
2023,10,8,Sunday,4,5,8
2023,10,8,Sunday,4,31,21
2023,10,8,Sunday,4,32,13
2023,10,8,Sunday,4,41,3
2023,10,8,Sunday,4,42,6
2023,10,8,Sunday,5,5,6
2023,10,8,Sunday,5,31,47
2023,10,8,Sunday,5,32,10
2023,10,8,Sunday,5,41,2
2023,10,8,Sunday,5,42,5
2023,10,8,Sunday,6,5,12
2023,10,8,Sunday,6,31,71
2023,10,8,Sunday,6,32,27
2023,10,8,Sunday,6,41,4
2023,10,8,Sunday,6,42,2
2023,10,8,Sunday,7,5,6
2023,10,8,Sunday,7,31,111
2023,10,8,Sunday,7,32,30
2023,10,8,Sunday,7,41,10
2023,10,8,Sunday,7,42,10
2023,10,8,Sunday,8,5,8
2023,10,8,Sunday,8,31,138
2023,10,8,Sunday,8,32,36
2023,10,8,Sunday,8,41,6
2023,10,8,Sunday,8,42,3
2023,10,8,Sunday,9,5,9
2023,10,8,Sunday,9,31,208
2023,10,8,Sunday,9,32,55
2023,10,8,Sunday,9,41,7
2023,10,8,Sunday,9,42,3
2023,10,8,Sunday,10,5,1
2023,10,8,Sunday,10,31,276
2023,10,8,Sunday,10,32,65
2023,10,8,Sunday,10,42,4
2023,10,8,Sunday,11,5,4
2023,10,8,Sunday,11,31,414
2023,10,8,Sunday,11,32,73
2023,10,8,Sunday,11,41,8
2023,10,8,Sunday,11,42,6
2023,10,8,Sunday,12,5,5
2023,10,8,Sunday,12,31,309
2023,10,8,Sunday,12,32,63
2023,10,8,Sunday,12,41,5
2023,10,8,Sunday,12,42,1
2023,10,8,Sunday,13,5,4
2023,10,8,Sunday,13,31,269
2023,10,8,Sunday,13,32,64
2023,10,8,Sunday,13,41,4
2023,10,8,Sunday,13,42,2
2023,10,8,Sunday,14,5,11
2023,10,8,Sunday,14,31,323
2023,10,8,Sunday,14,32,57
2023,10,8,Sunday,14,41,3
2023,10,8,Sunday,14,42,5
2023,10,8,Sunday,15,5,2
2023,10,8,Sunday,15,31,279
2023,10,8,Sunday,15,32,67
2023,10,8,Sunday,15,41,9
2023,10,8,Sunday,15,42,3
2023,10,8,Sunday,16,5,4
2023,10,8,Sunday,16,31,282
2023,10,8,Sunday,16,32,61
2023,10,8,Sunday,16,41,6
2023,10,8,Sunday,16,42,3
2023,10,8,Sunday,17,5,8
2023,10,8,Sunday,17,31,342
2023,10,8,Sunday,17,32,76
2023,10,8,Sunday,17,41,16
2023,10,8,Sunday,17,42,5
2023,10,8,Sunday,18,5,2
2023,10,8,Sunday,18,31,185
2023,10,8,Sunday,18,32,38
2023,10,8,Sunday,18,41,5
2023,10,8,Sunday,18,42,7
2023,10,8,Sunday,19,5,1
2023,10,8,Sunday,19,31,62
2023,10,8,Sunday,19,32,17
2023,10,8,Sunday,19,41,8
2023,10,8,Sunday,19,42,1
2023,10,8,Sunday,20,5,3
2023,10,8,Sunday,20,31,61
2023,10,8,Sunday,20,32,10
2023,10,8,Sunday,20,41,2
2023,10,8,Sunday,20,42,1
2023,10,8,Sunday,21,5,3
2023,10,8,Sunday,21,31,35
2023,10,8,Sunday,21,32,7
2023,10,8,Sunday,21,42,1
2023,10,8,Sunday,22,5,4
2023,10,8,Sunday,22,31,43
2023,10,8,Sunday,22,32,15
2023,10,8,Sunday,22,42,1
2023,10,8,Sunday,23,5,7
2023,10,8,Sunday,23,31,40
2023,10,8,Sunday,23,32,3
2023,10,8,Sunday,23,42,2
2023,10,9,Monday,0,5,8
2023,10,9,Monday,0,31,46
2023,10,9,Monday,0,32,9
2023,10,9,Monday,0,41,4
2023,10,9,Monday,0,42,1
2023,10,9,Monday,1,5,22
2023,10,9,Monday,1,31,32
2023,10,9,Monday,1,32,5
2023,10,9,Monday,1,41,2
2023,10,9,Monday,1,42,9
2023,10,9,Monday,2,5,48
2023,10,9,Monday,2,31,26
2023,10,9,Monday,2,32,1
2023,10,9,Monday,2,42,3
2023,10,9,Monday,3,5,28
2023,10,9,Monday,3,31,10
2023,10,9,Monday,3,32,3
2023,10,9,Monday,3,41,2
2023,10,9,Monday,4,5,46
2023,10,9,Monday,4,31,17
2023,10,9,Monday,4,32,5
2023,10,9,Monday,4,42,6
2023,10,9,Monday,5,5,25
2023,10,9,Monday,5,31,27
2023,10,9,Monday,5,32,2
2023,10,9,Monday,5,41,2
2023,10,9,Monday,5,42,3
2023,10,9,Monday,6,5,35
2023,10,9,Monday,6,31,39
2023,10,9,Monday,6,32,25
2023,10,9,Monday,6,41,10
2023,10,9,Monday,6,42,5
2023,10,9,Monday,7,5,35
2023,10,9,Monday,7,31,112
2023,10,9,Monday,7,32,39
2023,10,9,Monday,7,41,6
2023,10,9,Monday,7,42,9
2023,10,9,Monday,8,5,54
2023,10,9,Monday,8,31,153
2023,10,9,Monday,8,32,59
2023,10,9,Monday,8,41,7
2023,10,9,Monday,8,42,10
2023,10,9,Monday,9,5,35
2023,10,9,Monday,9,31,194
2023,10,9,Monday,9,32,54
2023,10,9,Monday,9,41,6
2023,10,9,Monday,9,42,3
2023,10,9,Monday,10,5,21
2023,10,9,Monday,10,31,212
2023,10,9,Monday,10,32,48
2023,10,9,Monday,10,41,1
2023,10,9,Monday,10,42,1
2023,10,9,Monday,11,5,10
2023,10,9,Monday,11,31,103
2023,10,9,Monday,11,32,21
2023,10,9,Monday,11,41,11
2023,10,9,Monday,11,42,6
2023,10,9,Monday,12,5,2
2023,10,9,Monday,12,31,70
2023,10,9,Monday,12,32,21
2023,10,9,Monday,12,41,10
2023,10,9,Monday,12,42,5
2023,10,9,Monday,13,5,6
2023,10,9,Monday,13,31,72
2023,10,9,Monday,13,32,17
2023,10,9,Monday,13,41,2
2023,10,9,Monday,13,42,5
2023,10,9,Monday,14,5,2
2023,10,9,Monday,14,31,74
2023,10,9,Monday,14,32,14
2023,10,9,Monday,14,41,6
2023,10,9,Monday,14,42,4
2023,10,9,Monday,15,31,74
2023,10,9,Monday,15,32,15
2023,10,9,Monday,15,41,5
2023,10,9,Monday,15,42,2
2023,10,9,Monday,16,5,1
2023,10,9,Monday,16,31,82
2023,10,9,Monday,16,32,11
2023,10,9,Monday,16,41,3
2023,10,9,Monday,16,42,1
2023,10,9,Monday,17,5,2
2023,10,9,Monday,17,31,78
2023,10,9,Monday,17,32,17
2023,10,9,Monday,17,41,2
2023,10,9,Monday,17,42,2
2023,10,9,Monday,18,31,57
2023,10,9,Monday,18,32,15
2023,10,9,Monday,18,41,2
2023,10,9,Monday,18,42,6
2023,10,9,Monday,19,5,1
2023,10,9,Monday,19,31,495
2023,10,9,Monday,19,32,111
2023,10,9,Monday,19,41,19
2023,10,9,Monday,20,5,1
2023,10,9,Monday,20,31,85
2023,10,9,Monday,20,32,11
2023,10,9,Monday,20,41,3
2023,10,9,Monday,20,42,1
2023,10,9,Monday,21,5,2
2023,10,9,Monday,21,31,33
2023,10,9,Monday,21,32,11
2023,10,9,Monday,21,42,2
2023,10,9,Monday,22,31,29
2023,10,9,Monday,22,32,10
2023,10,9,Monday,22,42,2
2023,10,9,Monday,23,5,1
2023,10,9,Monday,23,31,51
2023,10,9,Monday,23,32,9
2023,10,9,Monday,23,42,2
2023,10,10,Tuesday,0,5,11
2023,10,10,Tuesday,0,31,150
2023,10,10,Tuesday,0,32,6
2023,10,10,Tuesday,0,41,12
2023,10,10,Tuesday,0,42,3
2023,10,10,Tuesday,1,5,18
2023,10,10,Tuesday,1,31,27
2023,10,10,Tuesday,1,32,6
2023,10,10,Tuesday,1,41,2
2023,10,10,Tuesday,1,42,7
2023,10,10,Tuesday,2,5,24
2023,10,10,Tuesday,2,31,31
2023,10,10,Tuesday,2,32,6
2023,10,10,Tuesday,2,41,1
2023,10,10,Tuesday,2,42,1
2023,10,10,Tuesday,3,0,1
2023,10,10,Tuesday,3,5,26
2023,10,10,Tuesday,3,31,20
2023,10,10,Tuesday,3,32,4
2023,10,10,Tuesday,3,41,3
2023,10,10,Tuesday,3,42,4
2023,10,10,Tuesday,4,5,47
2023,10,10,Tuesday,4,31,24
2023,10,10,Tuesday,4,32,6
2023,10,10,Tuesday,4,41,1
2023,10,10,Tuesday,4,42,1
2023,10,10,Tuesday,5,5,25
2023,10,10,Tuesday,5,31,22
2023,10,10,Tuesday,5,32,8
2023,10,10,Tuesday,5,41,4
2023,10,10,Tuesday,5,42,5
2023,10,10,Tuesday,6,5,23
2023,10,10,Tuesday,6,31,42
2023,10,10,Tuesday,6,32,19
2023,10,10,Tuesday,6,41,4
2023,10,10,Tuesday,6,42,4
2023,10,10,Tuesday,7,5,29
2023,10,10,Tuesday,7,31,76
2023,10,10,Tuesday,7,32,35
2023,10,10,Tuesday,7,41,4
2023,10,10,Tuesday,7,42,9
2023,10,10,Tuesday,8,5,26
2023,10,10,Tuesday,8,31,84
2023,10,10,Tuesday,8,32,38
2023,10,10,Tuesday,8,41,4
2023,10,10,Tuesday,8,42,12
2023,10,10,Tuesday,9,5,34
2023,10,10,Tuesday,9,31,114
2023,10,10,Tuesday,9,32,33
2023,10,10,Tuesday,9,41,2
2023,10,10,Tuesday,9,42,6
2023,10,10,Tuesday,10,5,14
2023,10,10,Tuesday,10,31,121
2023,10,10,Tuesday,10,32,28
2023,10,10,Tuesday,10,41,4
2023,10,10,Tuesday,10,42,10
2023,10,10,Tuesday,11,5,3
2023,10,10,Tuesday,11,31,67
2023,10,10,Tuesday,11,32,13
2023,10,10,Tuesday,11,41,4
2023,10,10,Tuesday,11,42,7
2023,10,10,Tuesday,12,5,5
2023,10,10,Tuesday,12,31,50
2023,10,10,Tuesday,12,32,19
2023,10,10,Tuesday,12,41,5
2023,10,10,Tuesday,12,42,5
2023,10,10,Tuesday,13,5,1
2023,10,10,Tuesday,13,31,72
2023,10,10,Tuesday,13,32,25
2023,10,10,Tuesday,13,41,2
2023,10,10,Tuesday,13,42,7
2023,10,10,Tuesday,14,5,3
2023,10,10,Tuesday,14,31,53
2023,10,10,Tuesday,14,32,17
2023,10,10,Tuesday,14,41,4
2023,10,10,Tuesday,14,42,4
2023,10,10,Tuesday,15,5,1
2023,10,10,Tuesday,15,31,70
2023,10,10,Tuesday,15,32,16
2023,10,10,Tuesday,15,41,4
2023,10,10,Tuesday,15,42,5
2023,10,10,Tuesday,16,5,4
2023,10,10,Tuesday,16,31,105
2023,10,10,Tuesday,16,32,19
2023,10,10,Tuesday,16,41,4
2023,10,10,Tuesday,16,42,5
2023,10,10,Tuesday,17,5,7
2023,10,10,Tuesday,17,31,115
2023,10,10,Tuesday,17,32,28
2023,10,10,Tuesday,17,41,2
2023,10,10,Tuesday,17,42,4
2023,10,10,Tuesday,18,5,11
2023,10,10,Tuesday,18,31,100
2023,10,10,Tuesday,18,32,20
2023,10,10,Tuesday,18,41,1
2023,10,10,Tuesday,18,42,6
2023,10,10,Tuesday,19,5,20
2023,10,10,Tuesday,19,31,90
2023,10,10,Tuesday,19,32,24
2023,10,10,Tuesday,19,41,1
2023,10,10,Tuesday,19,42,6
2023,10,10,Tuesday,20,5,13
2023,10,10,Tuesday,20,31,76
2023,10,10,Tuesday,20,32,16
2023,10,10,Tuesday,20,41,1
2023,10,10,Tuesday,20,42,9
2023,10,10,Tuesday,21,5,13
2023,10,10,Tuesday,21,31,67
2023,10,10,Tuesday,21,32,11
2023,10,10,Tuesday,21,42,8
2023,10,10,Tuesday,22,5,20
2023,10,10,Tuesday,22,31,41
2023,10,10,Tuesday,22,32,12
2023,10,10,Tuesday,22,42,7
2023,10,10,Tuesday,23,5,14
2023,10,10,Tuesday,23,31,29
2023,10,10,Tuesday,23,32,6
2023,10,10,Tuesday,23,42,5
2023,10,11,Wednesday,0,5,33
2023,10,11,Wednesday,0,31,9
2023,10,11,Wednesday,0,32,6
2023,10,11,Wednesday,0,42,4
2023,10,11,Wednesday,1,5,39
2023,10,11,Wednesday,1,31,9
2023,10,11,Wednesday,1,32,2
2023,10,11,Wednesday,1,42,10
2023,10,11,Wednesday,2,5,67
2023,10,11,Wednesday,2,31,10
2023,10,11,Wednesday,2,32,2
2023,10,11,Wednesday,2,42,10
2023,10,11,Wednesday,3,5,78
2023,10,11,Wednesday,3,31,7
2023,10,11,Wednesday,3,32,3
2023,10,11,Wednesday,3,42,4
2023,10,11,Wednesday,4,5,71
2023,10,11,Wednesday,4,31,9
2023,10,11,Wednesday,4,32,5
2023,10,11,Wednesday,4,42,16
2023,10,11,Wednesday,5,5,41
2023,10,11,Wednesday,5,31,22
2023,10,11,Wednesday,5,32,12
2023,10,11,Wednesday,5,41,4
2023,10,11,Wednesday,5,42,7
2023,10,11,Wednesday,6,5,51
2023,10,11,Wednesday,6,31,64
2023,10,11,Wednesday,6,32,21
2023,10,11,Wednesday,6,41,7
2023,10,11,Wednesday,6,42,5
2023,10,11,Wednesday,7,5,42
2023,10,11,Wednesday,7,31,245
2023,10,11,Wednesday,7,32,54
2023,10,11,Wednesday,7,41,3
2023,10,11,Wednesday,7,42,12
2023,10,11,Wednesday,8,5,72
2023,10,11,Wednesday,8,31,154
2023,10,11,Wednesday,8,32,67
2023,10,11,Wednesday,8,42,23
2023,10,11,Wednesday,9,5,70
2023,10,11,Wednesday,9,31,123
2023,10,11,Wednesday,9,32,59
2023,10,11,Wednesday,9,42,26
2023,10,11,Wednesday,10,5,67
2023,10,11,Wednesday,10,31,126
2023,10,11,Wednesday,10,32,47
2023,10,11,Wednesday,10,41,4
2023,10,11,Wednesday,10,42,23
2023,10,11,Wednesday,11,5,49
2023,10,11,Wednesday,11,31,149
2023,10,11,Wednesday,11,32,50
2023,10,11,Wednesday,11,41,1
2023,10,11,Wednesday,11,42,24
2023,10,11,Wednesday,12,5,28
2023,10,11,Wednesday,12,31,144
2023,10,11,Wednesday,12,32,55
2023,10,11,Wednesday,12,41,3
2023,10,11,Wednesday,12,42,21
2023,10,11,Wednesday,13,5,23
2023,10,11,Wednesday,13,31,157
2023,10,11,Wednesday,13,32,45
2023,10,11,Wednesday,13,41,6
2023,10,11,Wednesday,13,42,24
2023,10,11,Wednesday,14,5,22
2023,10,11,Wednesday,14,31,189
2023,10,11,Wednesday,14,32,57
2023,10,11,Wednesday,14,41,6
2023,10,11,Wednesday,14,42,24
2023,10,11,Wednesday,15,5,23
2023,10,11,Wednesday,15,31,195
2023,10,11,Wednesday,15,32,52
2023,10,11,Wednesday,15,41,8
2023,10,11,Wednesday,15,42,16
2023,10,11,Wednesday,16,5,31
2023,10,11,Wednesday,16,31,158
2023,10,11,Wednesday,16,32,44
2023,10,11,Wednesday,16,41,4
2023,10,11,Wednesday,16,42,12
2023,10,11,Wednesday,17,5,25
2023,10,11,Wednesday,17,31,244
2023,10,11,Wednesday,17,32,67
2023,10,11,Wednesday,17,41,4
2023,10,11,Wednesday,17,42,8
2023,10,11,Wednesday,18,5,42
2023,10,11,Wednesday,18,31,137
2023,10,11,Wednesday,18,32,26
2023,10,11,Wednesday,18,41,16
2023,10,11,Wednesday,18,42,17
2023,10,11,Wednesday,19,5,40
2023,10,11,Wednesday,19,31,146
2023,10,11,Wednesday,19,32,25
2023,10,11,Wednesday,19,41,5
2023,10,11,Wednesday,19,42,9
2023,10,11,Wednesday,20,5,30
2023,10,11,Wednesday,20,31,125
2023,10,11,Wednesday,20,32,27
2023,10,11,Wednesday,20,42,13
2023,10,11,Wednesday,21,5,34
2023,10,11,Wednesday,21,31,94
2023,10,11,Wednesday,21,32,27
2023,10,11,Wednesday,21,42,12
2023,10,11,Wednesday,22,5,26
2023,10,11,Wednesday,22,31,54
2023,10,11,Wednesday,22,32,19
2023,10,11,Wednesday,22,42,15
2023,10,11,Wednesday,23,5,22
2023,10,11,Wednesday,23,31,33
2023,10,11,Wednesday,23,32,7
2023,10,11,Wednesday,23,42,14
2023,10,12,Thursday,0,5,34
2023,10,12,Thursday,0,31,15
2023,10,12,Thursday,0,42,8
2023,10,12,Thursday,1,5,50
2023,10,12,Thursday,1,31,10
2023,10,12,Thursday,1,32,1
2023,10,12,Thursday,1,42,12
2023,10,12,Thursday,2,5,74
2023,10,12,Thursday,2,31,8
2023,10,12,Thursday,2,32,2
2023,10,12,Thursday,2,42,5
2023,10,12,Thursday,3,5,72
2023,10,12,Thursday,3,31,9
2023,10,12,Thursday,3,32,3
2023,10,12,Thursday,3,42,9
2023,10,12,Thursday,4,5,78
2023,10,12,Thursday,4,31,9
2023,10,12,Thursday,4,32,4
2023,10,12,Thursday,4,41,2
2023,10,12,Thursday,4,42,10
2023,10,12,Thursday,5,5,39
2023,10,12,Thursday,5,31,19
2023,10,12,Thursday,5,32,7
2023,10,12,Thursday,5,41,1
2023,10,12,Thursday,5,42,7
2023,10,12,Thursday,6,5,46
2023,10,12,Thursday,6,31,60
2023,10,12,Thursday,6,32,22
2023,10,12,Thursday,6,41,7
2023,10,12,Thursday,6,42,8
2023,10,12,Thursday,7,5,56
2023,10,12,Thursday,7,31,243
2023,10,12,Thursday,7,32,49
2023,10,12,Thursday,7,41,3
2023,10,12,Thursday,7,42,14
2023,10,12,Thursday,8,5,67
2023,10,12,Thursday,8,31,189
2023,10,12,Thursday,8,32,66
2023,10,12,Thursday,8,41,3
2023,10,12,Thursday,8,42,34
2023,10,12,Thursday,9,5,67
2023,10,12,Thursday,9,31,129
2023,10,12,Thursday,9,32,40
2023,10,12,Thursday,9,41,10
2023,10,12,Thursday,9,42,36
2023,10,12,Thursday,10,5,37
2023,10,12,Thursday,10,31,139
2023,10,12,Thursday,10,32,55
2023,10,12,Thursday,10,41,3
2023,10,12,Thursday,10,42,32
2023,10,12,Thursday,11,5,48
2023,10,12,Thursday,11,31,150
2023,10,12,Thursday,11,32,43
2023,10,12,Thursday,11,41,3
2023,10,12,Thursday,11,42,23
2023,10,12,Thursday,12,5,46
2023,10,12,Thursday,12,31,181
2023,10,12,Thursday,12,32,54
2023,10,12,Thursday,12,41,3
2023,10,12,Thursday,12,42,24
2023,10,12,Thursday,13,5,34
2023,10,12,Thursday,13,31,199
2023,10,12,Thursday,13,32,49
2023,10,12,Thursday,13,41,2
2023,10,12,Thursday,13,42,23
2023,10,12,Thursday,14,5,19
2023,10,12,Thursday,14,31,220
2023,10,12,Thursday,14,32,83
2023,10,12,Thursday,14,41,6
2023,10,12,Thursday,14,42,29
2023,10,12,Thursday,15,5,20
2023,10,12,Thursday,15,31,210
2023,10,12,Thursday,15,32,65
2023,10,12,Thursday,15,41,8
2023,10,12,Thursday,15,42,23
2023,10,12,Thursday,16,5,26
2023,10,12,Thursday,16,31,191
2023,10,12,Thursday,16,32,61
2023,10,12,Thursday,16,41,8
2023,10,12,Thursday,16,42,16
2023,10,12,Thursday,17,5,21
2023,10,12,Thursday,17,31,230
2023,10,12,Thursday,17,32,64
2023,10,12,Thursday,17,41,5
2023,10,12,Thursday,17,42,16
2023,10,12,Thursday,18,5,38
2023,10,12,Thursday,18,31,188
2023,10,12,Thursday,18,32,42
2023,10,12,Thursday,18,41,1
2023,10,12,Thursday,18,42,13
2023,10,12,Thursday,19,5,33
2023,10,12,Thursday,19,31,145
2023,10,12,Thursday,19,32,31
2023,10,12,Thursday,19,41,1
2023,10,12,Thursday,19,42,22
2023,10,12,Thursday,20,5,49
2023,10,12,Thursday,20,31,121
2023,10,12,Thursday,20,32,27
2023,10,12,Thursday,20,41,1
2023,10,12,Thursday,20,42,14
2023,10,12,Thursday,21,5,23
2023,10,12,Thursday,21,31,98
2023,10,12,Thursday,21,32,15
2023,10,12,Thursday,21,42,15
2023,10,12,Thursday,22,5,22
2023,10,12,Thursday,22,31,47
2023,10,12,Thursday,22,32,13
2023,10,12,Thursday,22,42,15
2023,10,12,Thursday,23,5,18
2023,10,12,Thursday,23,31,21
2023,10,12,Thursday,23,32,7
2023,10,12,Thursday,23,42,12
2023,10,13,Friday,0,5,51
2023,10,13,Friday,0,31,14
2023,10,13,Friday,0,32,5
2023,10,13,Friday,0,42,7
2023,10,13,Friday,1,5,52
2023,10,13,Friday,1,31,9
2023,10,13,Friday,1,32,4
2023,10,13,Friday,1,42,8
2023,10,13,Friday,2,5,74
2023,10,13,Friday,2,31,9
2023,10,13,Friday,2,32,2
2023,10,13,Friday,2,42,8
2023,10,13,Friday,3,5,70
2023,10,13,Friday,3,31,7
2023,10,13,Friday,3,32,1
2023,10,13,Friday,3,42,13
2023,10,13,Friday,4,5,88
2023,10,13,Friday,4,31,12
2023,10,13,Friday,4,32,11
2023,10,13,Friday,4,42,21
2023,10,13,Friday,5,5,55
2023,10,13,Friday,5,31,18
2023,10,13,Friday,5,32,5
2023,10,13,Friday,5,41,4
2023,10,13,Friday,5,42,6
2023,10,13,Friday,6,5,46
2023,10,13,Friday,6,31,53
2023,10,13,Friday,6,32,23
2023,10,13,Friday,6,41,8
2023,10,13,Friday,6,42,8
2023,10,13,Friday,7,5,32
2023,10,13,Friday,7,31,242
2023,10,13,Friday,7,32,45
2023,10,13,Friday,7,41,4
2023,10,13,Friday,7,42,15
2023,10,13,Friday,8,5,30
2023,10,13,Friday,8,31,153
2023,10,13,Friday,8,32,75
2023,10,13,Friday,8,41,6
2023,10,13,Friday,8,42,23
2023,10,13,Friday,9,5,59
2023,10,13,Friday,9,31,117
2023,10,13,Friday,9,32,50
2023,10,13,Friday,9,41,1
2023,10,13,Friday,9,42,50
2023,10,13,Friday,10,5,59
2023,10,13,Friday,10,31,145
2023,10,13,Friday,10,32,70
2023,10,13,Friday,10,41,4
2023,10,13,Friday,10,42,33
2023,10,13,Friday,11,5,54
2023,10,13,Friday,11,31,181
2023,10,13,Friday,11,32,62
2023,10,13,Friday,11,41,3
2023,10,13,Friday,11,42,41
2023,10,13,Friday,12,5,33
2023,10,13,Friday,12,31,191
2023,10,13,Friday,12,32,50
2023,10,13,Friday,12,41,3
2023,10,13,Friday,12,42,24
2023,10,13,Friday,13,5,32
2023,10,13,Friday,13,31,205
2023,10,13,Friday,13,32,59
2023,10,13,Friday,13,41,6
2023,10,13,Friday,13,42,25
2023,10,13,Friday,14,5,19
2023,10,13,Friday,14,31,196
2023,10,13,Friday,14,32,55
2023,10,13,Friday,14,41,3
2023,10,13,Friday,14,42,18
2023,10,13,Friday,15,5,15
2023,10,13,Friday,15,31,198
2023,10,13,Friday,15,32,59
2023,10,13,Friday,15,41,5
2023,10,13,Friday,15,42,23
2023,10,13,Friday,16,5,18
2023,10,13,Friday,16,31,169
2023,10,13,Friday,16,32,59
2023,10,13,Friday,16,41,3
2023,10,13,Friday,16,42,17
2023,10,13,Friday,17,5,23
2023,10,13,Friday,17,31,219
2023,10,13,Friday,17,32,54
2023,10,13,Friday,17,41,4
2023,10,13,Friday,17,42,11
2023,10,13,Friday,18,5,45
2023,10,13,Friday,18,31,193
2023,10,13,Friday,18,32,42
2023,10,13,Friday,18,41,1
2023,10,13,Friday,18,42,14
2023,10,13,Friday,19,5,36
2023,10,13,Friday,19,31,136
2023,10,13,Friday,19,32,34
2023,10,13,Friday,19,41,2
2023,10,13,Friday,19,42,13
2023,10,13,Friday,20,5,22
2023,10,13,Friday,20,31,126
2023,10,13,Friday,20,32,20
2023,10,13,Friday,20,41,1
2023,10,13,Friday,20,42,16
2023,10,13,Friday,21,5,19
2023,10,13,Friday,21,31,104
2023,10,13,Friday,21,32,23
2023,10,13,Friday,21,42,12
2023,10,13,Friday,22,5,16
2023,10,13,Friday,22,31,79
2023,10,13,Friday,22,32,12
2023,10,13,Friday,22,42,12
2023,10,13,Friday,23,5,20
2023,10,13,Friday,23,31,48
2023,10,13,Friday,23,32,12
2023,10,13,Friday,23,42,3
2023,10,14,Saturday,0,5,27
2023,10,14,Saturday,0,31,18
2023,10,14,Saturday,0,32,5
2023,10,14,Saturday,0,42,6
2023,10,14,Saturday,1,5,46
2023,10,14,Saturday,1,31,19
2023,10,14,Saturday,1,32,2
2023,10,14,Saturday,1,42,8
2023,10,14,Saturday,2,5,43
2023,10,14,Saturday,2,31,21
2023,10,14,Saturday,2,32,5
2023,10,14,Saturday,2,42,11
2023,10,14,Saturday,3,5,74
2023,10,14,Saturday,3,31,14
2023,10,14,Saturday,3,32,3
2023,10,14,Saturday,3,42,2
2023,10,14,Saturday,4,5,74
2023,10,14,Saturday,4,31,22
2023,10,14,Saturday,4,32,10
2023,10,14,Saturday,4,42,6
2023,10,14,Saturday,5,5,33
2023,10,14,Saturday,5,31,37
2023,10,14,Saturday,5,32,10
2023,10,14,Saturday,5,41,1
2023,10,14,Saturday,5,42,4
2023,10,14,Saturday,6,5,45
2023,10,14,Saturday,6,31,68
2023,10,14,Saturday,6,32,30
2023,10,14,Saturday,6,41,3
2023,10,14,Saturday,6,42,4
2023,10,14,Saturday,7,5,60
2023,10,14,Saturday,7,31,122
2023,10,14,Saturday,7,32,62
2023,10,14,Saturday,7,41,5
2023,10,14,Saturday,7,42,15
2023,10,14,Saturday,8,5,71
2023,10,14,Saturday,8,31,174
2023,10,14,Saturday,8,32,62
2023,10,14,Saturday,8,41,9
2023,10,14,Saturday,8,42,12
2023,10,14,Saturday,9,5,49
2023,10,14,Saturday,9,31,163
2023,10,14,Saturday,9,32,31
2023,10,14,Saturday,9,41,2
2023,10,14,Saturday,9,42,13
2023,10,14,Saturday,10,5,51
2023,10,14,Saturday,10,31,188
2023,10,14,Saturday,10,32,51
2023,10,14,Saturday,10,41,6
2023,10,14,Saturday,10,42,15
2023,10,14,Saturday,11,5,29
2023,10,14,Saturday,11,31,238
2023,10,14,Saturday,11,32,64
2023,10,14,Saturday,11,41,11
2023,10,14,Saturday,11,42,16
2023,10,14,Saturday,12,5,23
2023,10,14,Saturday,12,31,264
2023,10,14,Saturday,12,32,52
2023,10,14,Saturday,12,41,2
2023,10,14,Saturday,12,42,12
2023,10,14,Saturday,13,5,14
2023,10,14,Saturday,13,31,237
2023,10,14,Saturday,13,32,53
2023,10,14,Saturday,13,41,7
2023,10,14,Saturday,13,42,15
2023,10,14,Saturday,14,5,11
2023,10,14,Saturday,14,31,251
2023,10,14,Saturday,14,32,57
2023,10,14,Saturday,14,41,10
2023,10,14,Saturday,14,42,6
2023,10,14,Saturday,15,5,9
2023,10,14,Saturday,15,31,293
2023,10,14,Saturday,15,32,71
2023,10,14,Saturday,15,41,4
2023,10,14,Saturday,15,42,8
2023,10,14,Saturday,16,5,9
2023,10,14,Saturday,16,31,289
2023,10,14,Saturday,16,32,63
2023,10,14,Saturday,16,41,10
2023,10,14,Saturday,16,42,13
2023,10,14,Saturday,17,5,13
2023,10,14,Saturday,17,31,329
2023,10,14,Saturday,17,32,60
2023,10,14,Saturday,17,41,15
2023,10,14,Saturday,17,42,5
2023,10,14,Saturday,18,5,15
2023,10,14,Saturday,18,31,186
2023,10,14,Saturday,18,32,49
2023,10,14,Saturday,18,41,4
2023,10,14,Saturday,18,42,7
2023,10,14,Saturday,19,5,7
2023,10,14,Saturday,19,31,169
2023,10,14,Saturday,19,32,34
2023,10,14,Saturday,19,41,4
2023,10,14,Saturday,19,42,3
2023,10,14,Saturday,20,5,8
2023,10,14,Saturday,20,31,158
2023,10,14,Saturday,20,32,40
2023,10,14,Saturday,20,41,1
2023,10,14,Saturday,20,42,2
2023,10,14,Saturday,21,5,4
2023,10,14,Saturday,21,31,163
2023,10,14,Saturday,21,32,24
2023,10,14,Saturday,21,42,5
2023,10,14,Saturday,22,5,3
2023,10,14,Saturday,22,31,113
2023,10,14,Saturday,22,32,17
2023,10,14,Saturday,22,42,13
2023,10,14,Saturday,23,5,6
2023,10,14,Saturday,23,31,60
2023,10,14,Saturday,23,32,11
2023,10,14,Saturday,23,42,7
2023,10,15,Sunday,0,5,5
2023,10,15,Sunday,0,31,33
2023,10,15,Sunday,0,32,9
2023,10,15,Sunday,0,42,1
2023,10,15,Sunday,1,5,11
2023,10,15,Sunday,1,31,23
2023,10,15,Sunday,1,32,6
2023,10,15,Sunday,1,42,5
2023,10,15,Sunday,2,5,11
2023,10,15,Sunday,2,31,24
2023,10,15,Sunday,2,32,4
2023,10,15,Sunday,2,42,5
2023,10,15,Sunday,3,5,11
2023,10,15,Sunday,3,31,14
2023,10,15,Sunday,3,32,5
2023,10,15,Sunday,3,42,2
2023,10,15,Sunday,4,5,10
2023,10,15,Sunday,4,31,24
2023,10,15,Sunday,4,32,9
2023,10,15,Sunday,4,42,6
2023,10,15,Sunday,5,5,11
2023,10,15,Sunday,5,31,26
2023,10,15,Sunday,5,32,15
2023,10,15,Sunday,5,41,1
2023,10,15,Sunday,5,42,3
2023,10,15,Sunday,6,5,16
2023,10,15,Sunday,6,31,72
2023,10,15,Sunday,6,32,29
2023,10,15,Sunday,6,41,7
2023,10,15,Sunday,6,42,6
2023,10,15,Sunday,7,5,11
2023,10,15,Sunday,7,31,121
2023,10,15,Sunday,7,32,38
2023,10,15,Sunday,7,41,9
2023,10,15,Sunday,7,42,10
2023,10,15,Sunday,8,5,16
2023,10,15,Sunday,8,31,130
2023,10,15,Sunday,8,32,46
2023,10,15,Sunday,8,41,15
2023,10,15,Sunday,8,42,5
2023,10,15,Sunday,9,5,11
2023,10,15,Sunday,9,31,170
2023,10,15,Sunday,9,32,43
2023,10,15,Sunday,9,41,2
2023,10,15,Sunday,9,42,2
2023,10,15,Sunday,10,5,12
2023,10,15,Sunday,10,31,210
2023,10,15,Sunday,10,32,59
2023,10,15,Sunday,10,41,9
2023,10,15,Sunday,10,42,2
2023,10,15,Sunday,11,5,5
2023,10,15,Sunday,11,31,328
2023,10,15,Sunday,11,32,72
2023,10,15,Sunday,11,41,11
2023,10,15,Sunday,11,42,7
2023,10,15,Sunday,12,5,5
2023,10,15,Sunday,12,31,262
2023,10,15,Sunday,12,32,48
2023,10,15,Sunday,12,41,12
2023,10,15,Sunday,12,42,2
2023,10,15,Sunday,13,5,3
2023,10,15,Sunday,13,31,144
2023,10,15,Sunday,13,32,34
2023,10,15,Sunday,13,41,5
2023,10,15,Sunday,13,42,2
2023,10,15,Sunday,14,5,3
2023,10,15,Sunday,14,31,60
2023,10,15,Sunday,14,32,15
2023,10,15,Sunday,14,41,7
2023,10,15,Sunday,15,31,54
2023,10,15,Sunday,15,32,12
2023,10,15,Sunday,15,41,6
2023,10,15,Sunday,15,42,4
2023,10,15,Sunday,16,5,6
2023,10,15,Sunday,16,31,46
2023,10,15,Sunday,16,32,10
2023,10,15,Sunday,16,41,6
2023,10,15,Sunday,16,42,5
2023,10,15,Sunday,17,5,7
2023,10,15,Sunday,17,31,49
2023,10,15,Sunday,17,32,9
2023,10,15,Sunday,17,41,12
2023,10,15,Sunday,17,42,4
2023,10,15,Sunday,18,5,8
2023,10,15,Sunday,18,31,80
2023,10,15,Sunday,18,32,13
2023,10,15,Sunday,18,41,7
2023,10,15,Sunday,18,42,4
2023,10,15,Sunday,19,5,9
2023,10,15,Sunday,19,31,70
2023,10,15,Sunday,19,32,14
2023,10,15,Sunday,19,41,2
2023,10,15,Sunday,19,42,5
2023,10,15,Sunday,20,5,9
2023,10,15,Sunday,20,31,84
2023,10,15,Sunday,20,32,14
2023,10,15,Sunday,20,41,3
2023,10,15,Sunday,20,42,2
2023,10,15,Sunday,21,5,10
2023,10,15,Sunday,21,31,36
2023,10,15,Sunday,21,32,10
2023,10,15,Sunday,21,42,6
2023,10,15,Sunday,22,5,18
2023,10,15,Sunday,22,31,61
2023,10,15,Sunday,22,32,11
2023,10,15,Sunday,22,42,5
2023,10,15,Sunday,23,5,16
2023,10,15,Sunday,23,31,30
2023,10,15,Sunday,23,32,7
2023,10,15,Sunday,23,42,4
2023,10,16,Monday,0,5,26
2023,10,16,Monday,0,31,17
2023,10,16,Monday,0,32,3
2023,10,16,Monday,0,42,10
2023,10,16,Monday,1,5,40
2023,10,16,Monday,1,31,12
2023,10,16,Monday,1,32,1
2023,10,16,Monday,1,42,5
2023,10,16,Monday,2,5,65
2023,10,16,Monday,2,31,7
2023,10,16,Monday,2,32,2
2023,10,16,Monday,2,42,7
2023,10,16,Monday,3,5,84
2023,10,16,Monday,3,31,13
2023,10,16,Monday,3,32,4
2023,10,16,Monday,3,42,6
2023,10,16,Monday,4,5,64
2023,10,16,Monday,4,31,11
2023,10,16,Monday,4,32,7
2023,10,16,Monday,4,42,15
2023,10,16,Monday,5,5,42
2023,10,16,Monday,5,31,22
2023,10,16,Monday,5,32,5
2023,10,16,Monday,5,42,7
2023,10,16,Monday,6,5,38
2023,10,16,Monday,6,31,64
2023,10,16,Monday,6,32,21
2023,10,16,Monday,6,41,9
2023,10,16,Monday,6,42,8
2023,10,16,Monday,7,5,43
2023,10,16,Monday,7,31,249
2023,10,16,Monday,7,32,59
2023,10,16,Monday,7,41,4
2023,10,16,Monday,7,42,15
2023,10,16,Monday,8,5,65
2023,10,16,Monday,8,31,155
2023,10,16,Monday,8,32,68
2023,10,16,Monday,8,41,1
2023,10,16,Monday,8,42,18
2023,10,16,Monday,9,5,77
2023,10,16,Monday,9,31,131
2023,10,16,Monday,9,32,54
2023,10,16,Monday,9,41,2
2023,10,16,Monday,9,42,31
2023,10,16,Monday,10,5,72
2023,10,16,Monday,10,31,131
2023,10,16,Monday,10,32,52
2023,10,16,Monday,10,41,3
2023,10,16,Monday,10,42,19
2023,10,16,Monday,11,5,46
2023,10,16,Monday,11,31,206
2023,10,16,Monday,11,32,59
2023,10,16,Monday,11,41,3
2023,10,16,Monday,11,42,21
2023,10,16,Monday,12,5,35
2023,10,16,Monday,12,31,202
2023,10,16,Monday,12,32,62
2023,10,16,Monday,12,41,5
2023,10,16,Monday,12,42,16
2023,10,16,Monday,13,5,19
2023,10,16,Monday,13,31,229
2023,10,16,Monday,13,32,72
2023,10,16,Monday,13,41,1
2023,10,16,Monday,13,42,21
2023,10,16,Monday,14,5,19
2023,10,16,Monday,14,31,268
2023,10,16,Monday,14,32,82
2023,10,16,Monday,14,41,19
2023,10,16,Monday,14,42,30
2023,10,16,Monday,15,5,15
2023,10,16,Monday,15,31,241
2023,10,16,Monday,15,32,54
2023,10,16,Monday,15,41,5
2023,10,16,Monday,15,42,17
2023,10,16,Monday,16,5,13
2023,10,16,Monday,16,31,102
2023,10,16,Monday,16,32,30
2023,10,16,Monday,16,41,11
2023,10,16,Monday,16,42,5
2023,10,16,Monday,17,5,15
2023,10,16,Monday,17,31,151
2023,10,16,Monday,17,32,30
2023,10,16,Monday,17,41,4
2023,10,16,Monday,17,42,6
2023,10,16,Monday,18,5,26
2023,10,16,Monday,18,31,158
2023,10,16,Monday,18,32,43
2023,10,16,Monday,18,41,6
2023,10,16,Monday,18,42,14
2023,10,16,Monday,19,5,43
2023,10,16,Monday,19,31,128
2023,10,16,Monday,19,32,20
2023,10,16,Monday,19,42,14
2023,10,16,Monday,20,5,31
2023,10,16,Monday,20,31,97
2023,10,16,Monday,20,32,28
2023,10,16,Monday,20,42,16
2023,10,16,Monday,21,5,28
2023,10,16,Monday,21,31,79
2023,10,16,Monday,21,32,14
2023,10,16,Monday,21,41,1
2023,10,16,Monday,21,42,15
2023,10,16,Monday,22,5,25
2023,10,16,Monday,22,31,40
2023,10,16,Monday,22,32,13
2023,10,16,Monday,22,42,8
2023,10,16,Monday,23,5,23
2023,10,16,Monday,23,31,34
2023,10,16,Monday,23,32,2
2023,10,16,Monday,23,42,11
2023,10,17,Tuesday,0,5,33
2023,10,17,Tuesday,0,31,18
2023,10,17,Tuesday,0,32,3
2023,10,17,Tuesday,0,42,6
2023,10,17,Tuesday,1,5,45
2023,10,17,Tuesday,1,31,6
2023,10,17,Tuesday,1,32,1
2023,10,17,Tuesday,1,42,9
2023,10,17,Tuesday,2,5,70
2023,10,17,Tuesday,2,31,7
2023,10,17,Tuesday,2,32,1
2023,10,17,Tuesday,2,42,8
2023,10,17,Tuesday,3,5,90
2023,10,17,Tuesday,3,31,7
2023,10,17,Tuesday,3,32,4
2023,10,17,Tuesday,3,42,4
2023,10,17,Tuesday,4,5,77
2023,10,17,Tuesday,4,31,14
2023,10,17,Tuesday,4,32,9
2023,10,17,Tuesday,4,42,12
2023,10,17,Tuesday,5,5,33
2023,10,17,Tuesday,5,31,23
2023,10,17,Tuesday,5,32,11
2023,10,17,Tuesday,5,41,1
2023,10,17,Tuesday,5,42,4
2023,10,17,Tuesday,6,5,54
2023,10,17,Tuesday,6,31,63
2023,10,17,Tuesday,6,32,29
2023,10,17,Tuesday,6,41,6
2023,10,17,Tuesday,6,42,12
2023,10,17,Tuesday,7,5,46
2023,10,17,Tuesday,7,31,251
2023,10,17,Tuesday,7,32,48
2023,10,17,Tuesday,7,41,7
2023,10,17,Tuesday,7,42,19
2023,10,17,Tuesday,8,5,56
2023,10,17,Tuesday,8,31,157
2023,10,17,Tuesday,8,32,73
2023,10,17,Tuesday,8,41,7
2023,10,17,Tuesday,8,42,26
2023,10,17,Tuesday,9,5,90
2023,10,17,Tuesday,9,31,121
2023,10,17,Tuesday,9,32,55
2023,10,17,Tuesday,9,41,5
2023,10,17,Tuesday,9,42,31
2023,10,17,Tuesday,10,5,61
2023,10,17,Tuesday,10,31,130
2023,10,17,Tuesday,10,32,66
2023,10,17,Tuesday,10,42,25
2023,10,17,Tuesday,11,5,53
2023,10,17,Tuesday,11,31,156
2023,10,17,Tuesday,11,32,56
2023,10,17,Tuesday,11,41,1
2023,10,17,Tuesday,11,42,25
2023,10,17,Tuesday,12,5,30
2023,10,17,Tuesday,12,31,185
2023,10,17,Tuesday,12,32,51
2023,10,17,Tuesday,12,41,2
2023,10,17,Tuesday,12,42,19
2023,10,17,Tuesday,13,5,33
2023,10,17,Tuesday,13,31,183
2023,10,17,Tuesday,13,32,67
2023,10,17,Tuesday,13,41,1
2023,10,17,Tuesday,13,42,32
2023,10,17,Tuesday,14,5,20
2023,10,17,Tuesday,14,31,228
2023,10,17,Tuesday,14,32,63
2023,10,17,Tuesday,14,41,3
2023,10,17,Tuesday,14,42,23
2023,10,17,Tuesday,15,5,11
2023,10,17,Tuesday,15,31,209
2023,10,17,Tuesday,15,32,73
2023,10,17,Tuesday,15,41,4
2023,10,17,Tuesday,15,42,24
2023,10,17,Tuesday,16,5,18
2023,10,17,Tuesday,16,31,189
2023,10,17,Tuesday,16,32,53
2023,10,17,Tuesday,16,41,8
2023,10,17,Tuesday,16,42,16
2023,10,17,Tuesday,17,5,25
2023,10,17,Tuesday,17,31,215
2023,10,17,Tuesday,17,32,64
2023,10,17,Tuesday,17,41,3
2023,10,17,Tuesday,17,42,13
2023,10,17,Tuesday,18,5,38
2023,10,17,Tuesday,18,31,166
2023,10,17,Tuesday,18,32,41
2023,10,17,Tuesday,18,41,5
2023,10,17,Tuesday,18,42,18
2023,10,17,Tuesday,19,5,40
2023,10,17,Tuesday,19,31,153
2023,10,17,Tuesday,19,32,18
2023,10,17,Tuesday,19,41,1
2023,10,17,Tuesday,19,42,16
2023,10,17,Tuesday,20,5,34
2023,10,17,Tuesday,20,31,98
2023,10,17,Tuesday,20,32,24
2023,10,17,Tuesday,20,42,21
2023,10,17,Tuesday,21,5,22
2023,10,17,Tuesday,21,31,99
2023,10,17,Tuesday,21,32,21
2023,10,17,Tuesday,21,41,1
2023,10,17,Tuesday,21,42,13
2023,10,17,Tuesday,22,5,16
2023,10,17,Tuesday,22,31,47
2023,10,17,Tuesday,22,32,13
2023,10,17,Tuesday,22,42,13
2023,10,18,Wednesday,0,5,37
2023,10,18,Wednesday,0,31,16
2023,10,18,Wednesday,0,32,5
2023,10,18,Wednesday,0,42,7
2023,10,18,Wednesday,1,5,45
2023,10,18,Wednesday,1,31,7
2023,10,18,Wednesday,1,32,1
2023,10,18,Wednesday,1,42,9
2023,10,18,Wednesday,2,5,82
2023,10,18,Wednesday,2,31,11
2023,10,18,Wednesday,2,32,3
2023,10,18,Wednesday,2,42,11
2023,10,18,Wednesday,3,5,78
2023,10,18,Wednesday,3,31,5
2023,10,18,Wednesday,3,32,5
2023,10,18,Wednesday,3,42,4
2023,10,18,Wednesday,4,5,78
2023,10,18,Wednesday,4,31,9
2023,10,18,Wednesday,4,32,8
2023,10,18,Wednesday,4,42,11
2023,10,18,Wednesday,5,5,51
2023,10,18,Wednesday,5,31,23
2023,10,18,Wednesday,5,32,9
2023,10,18,Wednesday,5,41,3
2023,10,18,Wednesday,5,42,10
2023,10,18,Wednesday,6,5,54
2023,10,18,Wednesday,6,31,65
2023,10,18,Wednesday,6,32,36
2023,10,18,Wednesday,6,41,6
2023,10,18,Wednesday,6,42,14
2023,10,18,Wednesday,7,5,52
2023,10,18,Wednesday,7,31,237
2023,10,18,Wednesday,7,32,42
2023,10,18,Wednesday,7,41,3
2023,10,18,Wednesday,7,42,22
2023,10,18,Wednesday,8,5,67
2023,10,18,Wednesday,8,31,148
2023,10,18,Wednesday,8,32,64
2023,10,18,Wednesday,8,41,2
2023,10,18,Wednesday,8,42,39
2023,10,18,Wednesday,9,5,81
2023,10,18,Wednesday,9,31,130
2023,10,18,Wednesday,9,32,58
2023,10,18,Wednesday,9,41,2
2023,10,18,Wednesday,9,42,45
2023,10,18,Wednesday,10,5,67
2023,10,18,Wednesday,10,31,134
2023,10,18,Wednesday,10,32,46
2023,10,18,Wednesday,10,42,35
2023,10,18,Wednesday,11,5,39
2023,10,18,Wednesday,11,31,184
2023,10,18,Wednesday,11,32,52
2023,10,18,Wednesday,11,41,3
2023,10,18,Wednesday,11,42,28
2023,10,18,Wednesday,12,5,31
2023,10,18,Wednesday,12,31,167
2023,10,18,Wednesday,12,32,66
2023,10,18,Wednesday,12,41,2
2023,10,18,Wednesday,12,42,25
2023,10,18,Wednesday,13,5,18
2023,10,18,Wednesday,13,31,202
2023,10,18,Wednesday,13,32,66
2023,10,18,Wednesday,13,41,4
2023,10,18,Wednesday,13,42,20
2023,10,18,Wednesday,14,5,19
2023,10,18,Wednesday,14,31,230
2023,10,18,Wednesday,14,32,66
2023,10,18,Wednesday,14,41,5
2023,10,18,Wednesday,14,42,25
2023,10,18,Wednesday,15,5,13
2023,10,18,Wednesday,15,31,225
2023,10,18,Wednesday,15,32,58
2023,10,18,Wednesday,15,41,6
2023,10,18,Wednesday,15,42,23
2023,10,18,Wednesday,16,5,26
2023,10,18,Wednesday,16,31,176
2023,10,18,Wednesday,16,32,58
2023,10,18,Wednesday,16,41,4
2023,10,18,Wednesday,16,42,9
2023,10,18,Wednesday,17,5,21
2023,10,18,Wednesday,17,31,232
2023,10,18,Wednesday,17,32,57
2023,10,18,Wednesday,17,41,7
2023,10,18,Wednesday,17,42,11
2023,10,18,Wednesday,18,5,43
2023,10,18,Wednesday,18,31,161
2023,10,18,Wednesday,18,32,33
2023,10,18,Wednesday,18,41,4
2023,10,18,Wednesday,18,42,11
2023,10,18,Wednesday,19,5,38
2023,10,18,Wednesday,19,31,123
2023,10,18,Wednesday,19,32,29
2023,10,18,Wednesday,19,41,4
2023,10,18,Wednesday,19,42,13
2023,10,18,Wednesday,20,5,27
2023,10,18,Wednesday,20,31,120
2023,10,18,Wednesday,20,32,21
2023,10,18,Wednesday,20,41,2
2023,10,18,Wednesday,20,42,14
2023,10,18,Wednesday,21,5,19
2023,10,18,Wednesday,21,31,107
2023,10,18,Wednesday,21,32,28
2023,10,18,Wednesday,21,42,12
2023,10,18,Wednesday,22,5,34
2023,10,18,Wednesday,22,31,76
2023,10,18,Wednesday,22,32,13
2023,10,18,Wednesday,22,42,8
2023,10,18,Wednesday,23,5,26
2023,10,18,Wednesday,23,31,35
2023,10,18,Wednesday,23,32,4
2023,10,18,Wednesday,23,42,11
2023,10,19,Thursday,0,5,33
2023,10,19,Thursday,0,31,14
2023,10,19,Thursday,0,32,2
2023,10,19,Thursday,0,42,6
2023,10,19,Thursday,1,5,43
2023,10,19,Thursday,1,31,8
2023,10,19,Thursday,1,32,7
2023,10,19,Thursday,1,42,8
2023,10,19,Thursday,2,5,64
2023,10,19,Thursday,2,31,11
2023,10,19,Thursday,2,32,3
2023,10,19,Thursday,2,42,13
2023,10,19,Thursday,3,5,93
2023,10,19,Thursday,3,31,5
2023,10,19,Thursday,3,32,3
2023,10,19,Thursday,3,42,12
2023,10,19,Thursday,4,5,83
2023,10,19,Thursday,4,31,17
2023,10,19,Thursday,4,32,10
2023,10,19,Thursday,4,42,12
2023,10,19,Thursday,5,5,48
2023,10,19,Thursday,5,31,24
2023,10,19,Thursday,5,32,13
2023,10,19,Thursday,5,41,2
2023,10,19,Thursday,5,42,7
2023,10,19,Thursday,6,5,51
2023,10,19,Thursday,6,31,64
2023,10,19,Thursday,6,32,23
2023,10,19,Thursday,6,41,9
2023,10,19,Thursday,6,42,7
2023,10,19,Thursday,7,5,42
2023,10,19,Thursday,7,31,241
2023,10,19,Thursday,7,32,54
2023,10,19,Thursday,7,41,4
2023,10,19,Thursday,7,42,20
2023,10,19,Thursday,8,5,63
2023,10,19,Thursday,8,31,165
2023,10,19,Thursday,8,32,72
2023,10,19,Thursday,8,41,6
2023,10,19,Thursday,8,42,26
2023,10,19,Thursday,9,5,64
2023,10,19,Thursday,9,31,142
2023,10,19,Thursday,9,32,59
2023,10,19,Thursday,9,41,3
2023,10,19,Thursday,9,42,27
2023,10,19,Thursday,10,5,61
2023,10,19,Thursday,10,31,138
2023,10,19,Thursday,10,32,55
2023,10,19,Thursday,10,41,2
2023,10,19,Thursday,10,42,44
2023,10,19,Thursday,11,5,46
2023,10,19,Thursday,11,31,169
2023,10,19,Thursday,11,32,59
2023,10,19,Thursday,11,41,3
2023,10,19,Thursday,11,42,26
2023,10,19,Thursday,12,5,23
2023,10,19,Thursday,12,31,233
2023,10,19,Thursday,12,32,54
2023,10,19,Thursday,12,41,2
2023,10,19,Thursday,12,42,21
2023,10,19,Thursday,13,5,17
2023,10,19,Thursday,13,31,192
2023,10,19,Thursday,13,32,72
2023,10,19,Thursday,13,41,5
2023,10,19,Thursday,13,42,17
2023,10,19,Thursday,14,5,20
2023,10,19,Thursday,14,31,224
2023,10,19,Thursday,14,32,53
2023,10,19,Thursday,14,41,6
2023,10,19,Thursday,14,42,28
2023,10,19,Thursday,15,5,12
2023,10,19,Thursday,15,31,224
2023,10,19,Thursday,15,32,47
2023,10,19,Thursday,15,41,2
2023,10,19,Thursday,15,42,19
2023,10,19,Thursday,16,5,21
2023,10,19,Thursday,16,31,183
2023,10,19,Thursday,16,32,67
2023,10,19,Thursday,16,41,12
2023,10,19,Thursday,16,42,14
2023,10,19,Thursday,17,5,17
2023,10,19,Thursday,17,31,220
2023,10,19,Thursday,17,32,58
2023,10,19,Thursday,17,41,6
2023,10,19,Thursday,17,42,16
2023,10,19,Thursday,18,5,40
2023,10,19,Thursday,18,31,131
2023,10,19,Thursday,18,32,44
2023,10,19,Thursday,18,41,2
2023,10,19,Thursday,18,42,15
2023,10,19,Thursday,19,5,40
2023,10,19,Thursday,19,31,128
2023,10,19,Thursday,19,32,22
2023,10,19,Thursday,19,41,3
2023,10,19,Thursday,19,42,13
2023,10,19,Thursday,20,5,27
2023,10,19,Thursday,20,31,104
2023,10,19,Thursday,20,32,22
2023,10,19,Thursday,20,42,20
2023,10,19,Thursday,21,5,39
2023,10,19,Thursday,21,31,89
2023,10,19,Thursday,21,32,22
2023,10,19,Thursday,21,42,18
2023,10,19,Thursday,22,5,22
2023,10,19,Thursday,22,31,53
2023,10,19,Thursday,22,32,11
2023,10,19,Thursday,22,42,12
2023,10,19,Thursday,23,5,13
2023,10,19,Thursday,23,31,29
2023,10,19,Thursday,23,32,4
2023,10,19,Thursday,23,41,1
2023,10,19,Thursday,23,42,14
2023,10,20,Friday,0,5,33
2023,10,20,Friday,0,31,18
2023,10,20,Friday,0,32,2
2023,10,20,Friday,0,42,7
2023,10,20,Friday,1,5,51
2023,10,20,Friday,1,31,10
2023,10,20,Friday,1,32,2
2023,10,20,Friday,1,42,8
2023,10,20,Friday,2,5,63
2023,10,20,Friday,2,31,10
2023,10,20,Friday,2,32,5
2023,10,20,Friday,2,42,8
2023,10,20,Friday,3,5,97
2023,10,20,Friday,3,31,6
2023,10,20,Friday,3,32,3
2023,10,20,Friday,3,41,1
2023,10,20,Friday,3,42,10
2023,10,20,Friday,4,5,67
2023,10,20,Friday,4,31,10
2023,10,20,Friday,4,32,8
2023,10,20,Friday,4,42,13
2023,10,20,Friday,5,5,54
2023,10,20,Friday,5,31,23
2023,10,20,Friday,5,32,10
2023,10,20,Friday,5,41,2
2023,10,20,Friday,5,42,8
2023,10,20,Friday,6,5,65
2023,10,20,Friday,6,31,65
2023,10,20,Friday,6,32,19
2023,10,20,Friday,6,41,11
2023,10,20,Friday,6,42,12
2023,10,20,Friday,7,5,41
2023,10,20,Friday,7,31,228
2023,10,20,Friday,7,32,57
2023,10,20,Friday,7,41,6
2023,10,20,Friday,7,42,10
2023,10,20,Friday,8,5,61
2023,10,20,Friday,8,31,173
2023,10,20,Friday,8,32,71
2023,10,20,Friday,8,41,10
2023,10,20,Friday,8,42,28
2023,10,20,Friday,9,5,72
2023,10,20,Friday,9,31,150
2023,10,20,Friday,9,32,47
2023,10,20,Friday,9,41,4
2023,10,20,Friday,9,42,29
2023,10,20,Friday,10,5,60
2023,10,20,Friday,10,31,140
2023,10,20,Friday,10,32,58
2023,10,20,Friday,10,41,4
2023,10,20,Friday,10,42,40
2023,10,20,Friday,11,5,40
2023,10,20,Friday,11,31,202
2023,10,20,Friday,11,32,71
2023,10,20,Friday,11,41,6
2023,10,20,Friday,11,42,26
2023,10,20,Friday,12,5,35
2023,10,20,Friday,12,31,163
2023,10,20,Friday,12,32,59
2023,10,20,Friday,12,41,4
2023,10,20,Friday,12,42,21
2023,10,20,Friday,13,5,23
2023,10,20,Friday,13,31,173
2023,10,20,Friday,13,32,71
2023,10,20,Friday,13,41,7
2023,10,20,Friday,13,42,20
2023,10,20,Friday,14,5,19
2023,10,20,Friday,14,31,231
2023,10,20,Friday,14,32,69
2023,10,20,Friday,14,41,4
2023,10,20,Friday,14,42,16
2023,10,20,Friday,15,5,14
2023,10,20,Friday,15,31,206
2023,10,20,Friday,15,32,62
2023,10,20,Friday,15,41,11
2023,10,20,Friday,15,42,21
2023,10,20,Friday,16,5,26
2023,10,20,Friday,16,31,219
2023,10,20,Friday,16,32,43
2023,10,20,Friday,16,41,12
2023,10,20,Friday,16,42,13
2023,10,20,Friday,17,5,15
2023,10,20,Friday,17,31,191
2023,10,20,Friday,17,32,45
2023,10,20,Friday,17,41,5
2023,10,20,Friday,17,42,3
2023,10,20,Friday,18,5,34
2023,10,20,Friday,18,31,181
2023,10,20,Friday,18,32,36
2023,10,20,Friday,18,41,3
2023,10,20,Friday,18,42,16
2023,10,20,Friday,19,5,31
2023,10,20,Friday,19,31,130
2023,10,20,Friday,19,32,30
2023,10,20,Friday,19,41,2
2023,10,20,Friday,19,42,15
2023,10,20,Friday,20,5,20
2023,10,20,Friday,20,31,134
2023,10,20,Friday,20,32,26
2023,10,20,Friday,20,41,1
2023,10,20,Friday,20,42,13
2023,10,20,Friday,21,5,18
2023,10,20,Friday,21,31,115
2023,10,20,Friday,21,32,23
2023,10,20,Friday,21,41,1
2023,10,20,Friday,21,42,9
2023,10,20,Friday,22,5,29
2023,10,20,Friday,22,31,56
2023,10,20,Friday,22,32,14
2023,10,20,Friday,22,42,13
2023,10,20,Friday,23,5,19
2023,10,20,Friday,23,31,41
2023,10,20,Friday,23,32,8
2023,10,20,Friday,23,42,7
2023,10,21,Saturday,0,5,23
2023,10,21,Saturday,0,31,15
2023,10,21,Saturday,0,32,4
2023,10,21,Saturday,0,42,6
2023,10,21,Saturday,1,5,35
2023,10,21,Saturday,1,31,18
2023,10,21,Saturday,1,32,3
2023,10,21,Saturday,1,42,5
2023,10,21,Saturday,2,5,52
2023,10,21,Saturday,2,31,15
2023,10,21,Saturday,2,32,2
2023,10,21,Saturday,2,42,5
2023,10,21,Saturday,3,5,70
2023,10,21,Saturday,3,31,6
2023,10,21,Saturday,3,32,4
2023,10,21,Saturday,3,42,9
2023,10,21,Saturday,4,5,61
2023,10,21,Saturday,4,31,11
2023,10,21,Saturday,4,32,2
2023,10,21,Saturday,4,42,10
2023,10,21,Saturday,5,5,36
2023,10,21,Saturday,5,31,29
2023,10,21,Saturday,5,32,9
2023,10,21,Saturday,5,41,4
2023,10,21,Saturday,5,42,6
2023,10,21,Saturday,6,5,44
2023,10,21,Saturday,6,31,63
2023,10,21,Saturday,6,32,24
2023,10,21,Saturday,6,41,3
2023,10,21,Saturday,6,42,4
2023,10,21,Saturday,7,5,44
2023,10,21,Saturday,7,31,138
2023,10,21,Saturday,7,32,42
2023,10,21,Saturday,7,41,6
2023,10,21,Saturday,7,42,9
2023,10,21,Saturday,8,5,52
2023,10,21,Saturday,8,31,140
2023,10,21,Saturday,8,32,51
2023,10,21,Saturday,8,41,8
2023,10,21,Saturday,8,42,18
2023,10,21,Saturday,9,5,51
2023,10,21,Saturday,9,31,172
2023,10,21,Saturday,9,32,46
2023,10,21,Saturday,9,41,3
2023,10,21,Saturday,9,42,12
2023,10,21,Saturday,10,5,36
2023,10,21,Saturday,10,31,197
2023,10,21,Saturday,10,32,66
2023,10,21,Saturday,10,41,3
2023,10,21,Saturday,10,42,16
2023,10,21,Saturday,11,5,24
2023,10,21,Saturday,11,31,225
2023,10,21,Saturday,11,32,56
2023,10,21,Saturday,11,41,7
2023,10,21,Saturday,11,42,13
2023,10,21,Saturday,12,5,23
2023,10,21,Saturday,12,31,233
2023,10,21,Saturday,12,32,72
2023,10,21,Saturday,12,41,5
2023,10,21,Saturday,12,42,11
2023,10,21,Saturday,13,5,12
2023,10,21,Saturday,13,31,286
2023,10,21,Saturday,13,32,67
2023,10,21,Saturday,13,41,3
2023,10,21,Saturday,13,42,12
2023,10,21,Saturday,14,5,18
2023,10,21,Saturday,14,31,349
2023,10,21,Saturday,14,32,62
2023,10,21,Saturday,14,41,10
2023,10,21,Saturday,14,42,12
2023,10,21,Saturday,15,5,6
2023,10,21,Saturday,15,31,300
2023,10,21,Saturday,15,32,63
2023,10,21,Saturday,15,41,3
2023,10,21,Saturday,15,42,4
2023,10,21,Saturday,16,5,8
2023,10,21,Saturday,16,31,306
2023,10,21,Saturday,16,32,57
2023,10,21,Saturday,16,41,16
2023,10,21,Saturday,16,42,11
2023,10,21,Saturday,17,5,13
2023,10,21,Saturday,17,31,328
2023,10,21,Saturday,17,32,82
2023,10,21,Saturday,17,41,10
2023,10,21,Saturday,17,42,3
2023,10,21,Saturday,18,5,13
2023,10,21,Saturday,18,31,322
2023,10,21,Saturday,18,32,53
2023,10,21,Saturday,18,41,3
2023,10,21,Saturday,18,42,7
2023,10,21,Saturday,19,5,4
2023,10,21,Saturday,19,31,199
2023,10,21,Saturday,19,32,32
2023,10,21,Saturday,19,41,7
2023,10,21,Saturday,19,42,4
2023,10,21,Saturday,20,5,7
2023,10,21,Saturday,20,31,153
2023,10,21,Saturday,20,32,20
2023,10,21,Saturday,20,41,10
2023,10,21,Saturday,20,42,5
2023,10,21,Saturday,21,31,126
2023,10,21,Saturday,21,32,29
2023,10,21,Saturday,21,41,2
2023,10,21,Saturday,21,42,6
2023,10,21,Saturday,22,5,10
2023,10,21,Saturday,22,31,79
2023,10,21,Saturday,22,32,17
2023,10,21,Saturday,22,42,6
2023,10,21,Saturday,23,31,60
2023,10,21,Saturday,23,32,9
2023,10,21,Saturday,23,42,8
2023,10,22,Sunday,0,5,3
2023,10,22,Sunday,0,31,31
2023,10,22,Sunday,0,32,6
2023,10,22,Sunday,0,42,3
2023,10,22,Sunday,1,5,10
2023,10,22,Sunday,1,31,12
2023,10,22,Sunday,1,32,6
2023,10,22,Sunday,1,42,4
2023,10,22,Sunday,2,5,7
2023,10,22,Sunday,2,31,17
2023,10,22,Sunday,2,32,1
2023,10,22,Sunday,2,42,4
2023,10,22,Sunday,3,5,8
2023,10,22,Sunday,3,31,11
2023,10,22,Sunday,3,32,3
2023,10,22,Sunday,3,42,3
2023,10,22,Sunday,4,5,12
2023,10,22,Sunday,4,31,6
2023,10,22,Sunday,4,32,3
2023,10,22,Sunday,4,42,4
2023,10,22,Sunday,5,5,13
2023,10,22,Sunday,5,31,28
2023,10,22,Sunday,5,32,8
2023,10,22,Sunday,5,41,2
2023,10,22,Sunday,5,42,3
2023,10,22,Sunday,6,5,10
2023,10,22,Sunday,6,31,61
2023,10,22,Sunday,6,32,28
2023,10,22,Sunday,6,41,3
2023,10,22,Sunday,6,42,4
2023,10,22,Sunday,7,5,9
2023,10,22,Sunday,7,31,110
2023,10,22,Sunday,7,32,22
2023,10,22,Sunday,7,41,6
2023,10,22,Sunday,7,42,5
2023,10,22,Sunday,8,5,3
2023,10,22,Sunday,8,31,101
2023,10,22,Sunday,8,32,38
2023,10,22,Sunday,8,41,11
2023,10,22,Sunday,8,42,5
2023,10,22,Sunday,9,5,13
2023,10,22,Sunday,9,31,153
2023,10,22,Sunday,9,32,35
2023,10,22,Sunday,9,41,8
2023,10,22,Sunday,9,42,3
2023,10,22,Sunday,10,5,10
2023,10,22,Sunday,10,31,195
2023,10,22,Sunday,10,32,62
2023,10,22,Sunday,10,41,4
2023,10,22,Sunday,10,42,3
2023,10,22,Sunday,11,5,10
2023,10,22,Sunday,11,31,316
2023,10,22,Sunday,11,32,57
2023,10,22,Sunday,11,41,6
2023,10,22,Sunday,11,42,4
2023,10,22,Sunday,12,5,6
2023,10,22,Sunday,12,31,75
2023,10,22,Sunday,12,32,15
2023,10,22,Sunday,12,41,9
2023,10,22,Sunday,12,42,6
2023,10,22,Sunday,13,5,3
2023,10,22,Sunday,13,31,85
2023,10,22,Sunday,13,32,14
2023,10,22,Sunday,13,41,1
2023,10,22,Sunday,13,42,4
2023,10,22,Sunday,14,5,1
2023,10,22,Sunday,14,31,73
2023,10,22,Sunday,14,32,7
2023,10,22,Sunday,14,41,2
2023,10,22,Sunday,14,42,3
2023,10,22,Sunday,15,5,2
2023,10,22,Sunday,15,31,60
2023,10,22,Sunday,15,32,10
2023,10,22,Sunday,15,41,3
2023,10,22,Sunday,16,31,37
2023,10,22,Sunday,16,32,5
2023,10,22,Sunday,16,41,6
2023,10,22,Sunday,17,5,6
2023,10,22,Sunday,17,31,57
2023,10,22,Sunday,17,32,6
2023,10,22,Sunday,17,41,5
2023,10,22,Sunday,17,42,3
2023,10,22,Sunday,18,5,9
2023,10,22,Sunday,18,31,73
2023,10,22,Sunday,18,32,13
2023,10,22,Sunday,18,41,2
2023,10,22,Sunday,18,42,8
2023,10,22,Sunday,19,5,15
2023,10,22,Sunday,19,31,91
2023,10,22,Sunday,19,32,14
2023,10,22,Sunday,19,41,1
2023,10,22,Sunday,19,42,4
2023,10,22,Sunday,20,5,6
2023,10,22,Sunday,20,31,93
2023,10,22,Sunday,20,32,20
2023,10,22,Sunday,20,41,4
2023,10,22,Sunday,20,42,8
2023,10,22,Sunday,21,5,15
2023,10,22,Sunday,21,31,75
2023,10,22,Sunday,21,32,7
2023,10,22,Sunday,21,42,7
2023,10,22,Sunday,22,5,19
2023,10,22,Sunday,22,31,69
2023,10,22,Sunday,22,32,12
2023,10,22,Sunday,22,42,5
2023,10,22,Sunday,23,5,14
2023,10,22,Sunday,23,31,46
2023,10,22,Sunday,23,32,8
2023,10,22,Sunday,23,42,6
